OrderID,OrderDate,CustomerID,CustomerName,Gender,Age,City,Area,RestaurantID,RestaurantName,Cuisine,RestaurantRating,ItemName,CategoryName,Quantity,UnitPrice,TotalAmount,OrderStatus,PaymentMode,PaymentStatus,PartnerName,VehicleType,DistanceKM,DeliveryTimeMin,FoodRating,DeliveryRating
ORD10001,2024-01-31 00:00:00,CUST2001,Ravi Patel,Female,20.0,Pune,Baner,R009,The Bakers Oven,Bakery,4.0,Chocolate Cake,Desserts,4.0,350.0,1400.0,Delivered,Wallet,Paid,Suresh Kumar,Scooter,9.0,49.0,4.0,4.0
ORD10002,2024-04-14 00:00:00,CUST2002,Sneha Patel,Male,47.0,Pune,Hinjewadi,R003,Dragon Wok,Chinese,4.0,Chicken Manchurian,Main Course,3.0,210.0,630.0,Cancelled,Debit Card,Refunded,Suresh Kumar,Bicycle,8.4,43.0,,
ORD10003,2024-04-12 00:00:00,CUST2003,Rahul Verma,Male,32.0,Kolkata,Salt Lake,R013,Sweet Tooth,Desserts,4.6,Ice Cream Sundae,Desserts,4.0,150.0,600.0,Delivered,UPI,Paid,Manoj Nair,Scooter,3.8,30.0,5.0,4.0
ORD10004,2024-08-31 16:13:00,CUST2003,Rahul Verma,Male,32.0,Kolkata,Howrah,R012,Noodle Story,Chinese,3.7,Spring Rolls,Starters,4.0,140.0,560.0,Delivered,Cash on Delivery,Paid,Reyansh Sharma,Bicycle,8.0,34.0,3.0,4.0
ORD10005,2024-10-18 00:00:00,CUST2003,Rahul Verma,Male,32.0,Kolkata,Ballygunge,R010,Kebab Junction,Mughlai,4.3,Chicken Kebab,Starters,4.0,240.0,960.0,Delivered,Wallet,Paid,Meera Bose,Scooter,14.6,81.0,3.0,5.0
ORD10006,2024-11-22 00:00:00,CUST2003,Rahul Verma,Male,32.0,Kolkata,,R002,Pizza Palace,Italian,4.1,Pepperoni Pizza,Pizza,4.0,320.0,1280.0,Cancelled,Cash on Delivery,Refunded,Sai Iyer,Bicycle,8.0,40.0,,
ORD10007,2024-12-06 00:00:00,CUST2004,Rohan Menon,Male,28.0,Chennai,OMR,R015,Chaat Corner,Street Food,4.0,Pani Puri,Street Food,5.0,60.0,300.0,Delivered,Cash on Delivery,Paid,Kavya Mukherjee,Scooter,13.3,76.0,3.0,4.0
ORD10008,2024-03-06 00:00:00,CUST2005,Sai Bose,Male,22.0,Kolkata,Park Street,R003,Dragon Wok,Chinese,,Spring Rolls,Starters,4.0,140.0,560.0,Delivered,Credit Card,Paid,Meera Bose,E-Bike,14.5,90.0,,4.0
ORD10009,2024-11-29 20:22:00,CUST2006,Sanjay Kapoor,Female,46.0,Bangalore,Indiranagar,R004,Punjabi Tadka,North Indian,4.4,Butter Chicken,Main Course,3.0,260.0,780.0,Delivered,Wallet,Paid,Manoj Nair,Bicycle,0.9,,3.0,3.0
ORD10010,2024-01-12 11:32:00,CUST2007,Kavya Bose,Male,31.0,Chennai,Anna Nagar,R012,Noodle Story,Chinese,3.7,Spring Rolls,Starters,5.0,140.0,700.0,Delivered,Credit Card,Paid,Lakshmi Verma,Bicycle,2.1,18.0,5.0,5.0
ORD10011,2024-08-02 00:34:00,CUST2008,Vihaan Pillai,Male,39.0,Kolkata,Salt Lake,R004,Punjabi Tadka,North Indian,4.4,Butter Chicken,Main Course,2.0,260.0,520.0,Delivered,Cash on Delivery,Paid,Lakshmi Verma,Bicycle,4.8,,5.0,
ORD10012,2024-12-25 19:46:00,CUST2001,Ravi Patel,Female,20.0,Pune,Kothrud,R015,Chaat Corner,Street Food,4.0,Pani Puri,Street Food,2.0,60.0,120.0,Delivered,Cash on Delivery,Paid,Ishaan Joshi,E-Bike,,57.0,,4.0
ORD10013,2024-07-25 00:00:00,CUST2009,Riya Chatterjee,Female,53.0,Pune,Baner,R003,Dragon Wok,Chinese,4.0,Veg Noodles,Noodles,3.0,160.0,480.0,Cancelled,UPI,Refunded,Ravi Rao,Bike,,20.0,,
ORD10014,2024-01-02 20:08:00,CUST2009,,Female,,Pune,Kothrud,R014,Healthy Bites,Salads,4.2,Caesar Salad,Salads,1.0,180.0,180.0,Delivered,UPI,Paid,Aditya Menon,Bike,14.2,76.0,3.0,
ORD10015,2024-08-02 00:00:00,CUST2010,Anika Gupta,Female,60.0,Pune,Hinjewadi,R004,Punjabi Tadka,North Indian,4.4,Paneer Tikka,Starters,4.0,220.0,880.0,Cancelled,Debit Card,Failed,Ravi Rao,Bike,0.9,14.0,,
ORD10016,2024-09-16 08:56:00,CUST2004,Rohan Menon,Male,28.0,,,R005,Burger Point,Fast Food,3.9,Cheese Burger,Burger,3.0,130.0,390.0,Delivered,Credit Card,Paid,Pooja Gupta,Bicycle,7.0,40.0,5.0,3.0
ORD10017,2024-05-02 20:17:00,CUST2011,Reyansh Reddy,Female,,Bangalore,Koramangala,R012,Noodle Story,Chinese,3.7,Spring Rolls,Starters,2.0,140.0,280.0,Delivered,Debit Card,Paid,Ravi Rao,Bicycle,10.6,65.0,4.0,3.0
ORD10018,2024-02-27 00:00:00,CUST2012,Aditya Sharma,Female,,Kolkata,Park Street,R011,Curry House,North Indian,4.1,Paneer Tikka,Starters,2.0,220.0,440.0,Returned,Cash on Delivery,Refunded,Vikram Das,Bike,2.4,24.0,,
ORD10019,2024-12-25 12:44:00,CUST2013,Manoj Malhotra,Female,27.0,Delhi,Dwarka,R001,Biryani Blues,Biryani,4.3,Mutton Biryani,Main Course,3.0,280.0,840.0,Delivered,,Paid,Reyansh Sharma,Bike,5.8,40.0,5.0,4.0
ORD10020,2024-04-28 00:00:00,CUST2014,Diya Chatterjee,Male,19.0,Hyderabad,Banjara Hills,R013,Sweet Tooth,Desserts,4.6,Ice Cream Sundae,Desserts,,150.0,300.0,Delivered,Credit Card,Paid,Aditya Menon,Bike,13.0,64.0,3.0,4.0
ORD10021,2024-04-13 02:19:00,CUST2015,Myra Sharma,Male,60.0,Hyderabad,Kukatpally,R006,South Spice,South Indian,4.5,Idli Sambar,Breakfast,1.0,70.0,70.0,Delivered,Debit Card,Paid,Vikram Das,Scooter,,67.0,4.0,5.0
ORD10022,2024-05-21 10:47:00,CUST2010,Anika Gupta,Female,60.0,Pune,Baner,R006,South Spice,South Indian,4.5,Uttapam,Breakfast,3.0,100.0,300.0,Delivered,Wallet,Paid,Aditya Menon,Bicycle,4.4,26.0,5.0,4.0
ORD10023,2024-08-27 00:00:00,CUST2016,Kiran Das,,60.0,Kolkata,Salt Lake,R012,Noodle Story,Chinese,3.7,Chicken Manchurian,Main Course,5.0,210.0,1050.0,Delivered,Cash on Delivery,Paid,Aditya Menon,Scooter,8.7,45.0,5.0,4.0
ORD10024,2024-05-11 03:29:00,CUST2017,Sunita Sharma,Female,37.0,Mumbai,Bandra,R007,Sushi Yama,Japanese,4.2,Miso Soup,Starters,5.0,150.0,750.0,Returned,Debit Card,Refunded,Kiran Desai,E-Bike,10.4,59.0,,
ORD10025,2024-11-26 00:07:00,CUST2018,Riya Kapoor,,60.0,Pune,Kharadi,R006,South Spice,South Indian,4.5,Masala Dosa,Breakfast,2.0,90.0,180.0,Returned,Debit Card,Refunded,Ishaan Joshi,Bicycle,1.1,14.0,,
ORD10026,2024-01-20 00:00:00,CUST2019,Divya Joshi,Female,,Pune,Baner,R008,Taco Fiesta,Mexican,3.8,Nachos,Starters,2.0,180.0,360.0,Cancelled,UPI,Refunded,Lakshmi Verma,Bicycle,3.3,28.0,,
ORD10027,2024-11-22 04:05:00,CUST2020,Vikram Reddy,Male,47.0,Pune,Kharadi,R009,The Bakers Oven,Bakery,4.0,Cupcake,Desserts,,80.0,240.0,Delivered,Wallet,Paid,Vikram Das,E-Bike,13.5,77.0,4.0,
ORD10028,2024-06-10 00:00:00,CUST2021,Nikhil Singh,Female,35.0,Delhi,Saket,R012,Noodle Story,Chinese,,Chicken Manchurian,Main Course,2.0,210.0,420.0,Delivered,Debit Card,Paid,Vikram Das,Bike,2.8,23.0,4.0,3.0
ORD10029,2024-10-17 07:21:00,CUST2022,Divya Verma,Female,31.0,Kolkata,Ballygunge,R007,Sushi Yama,Japanese,4.2,Miso Soup,Starters,1.0,150.0,150.0,Delivered,Cash on Delivery,Paid,Nikhil Malhotra,Scooter,5.0,35.0,5.0,5.0
ORD10030,2024-08-17 00:00:00,CUST2023,Suresh Singh,Male,35.0,Delhi,Connaught Place,R001,Biryani Blues,Biryani,4.3,Mutton Biryani,Main Course,3.0,280.0,840.0,Returned,Cash on Delivery,Refunded,Kiran Desai,Bicycle,14.7,81.0,,
ORD10031,2024-11-20 00:00:00,CUST2024,Sai Chatterjee,Male,26.0,Kolkata,Ballygunge,R003,Dragon Wok,Chinese,4.0,Veg Noodles,Noodles,3.0,160.0,480.0,Delivered,Debit Card,Paid,Kiran Desai,Scooter,,37.0,5.0,4.0
ORD10032,2024-02-19 00:00:00,CUST2001,Ravi Patel,Female,20.0,Pune,Kharadi,R001,Biryani Blues,Biryani,4.3,Mutton Biryani,Main Course,2.0,280.0,560.0,Returned,UPI,Refunded,Nikhil Malhotra,Bicycle,3.6,19.0,,
ORD10033,2024-12-31 15:08:00,CUST2025,,Male,47.0,Pune,Hinjewadi,R013,Sweet Tooth,Desserts,4.6,Ice Cream Sundae,Desserts,2.0,150.0,300.0,Delivered,Wallet,Paid,Myra Pillai,Scooter,2.3,16.0,5.0,5.0
ORD10034,2024-11-15 08:40:00,CUST2026,Manoj Singh,Male,24.0,Pune,Hinjewadi,R014,Healthy Bites,Salads,4.2,Quinoa Salad,Salads,5.0,210.0,1050.0,Delivered,Wallet,Paid,Aarav Reddy,E-Bike,10.2,48.0,3.0,5.0
ORD10035,2024-04-18 07:47:00,CUST2027,Priya Mukherjee,Female,,Delhi,Dwarka,R012,Noodle Story,Chinese,3.7,Spring Rolls,Starters,3.0,140.0,420.0,Delivered,Wallet,Paid,Kiran Desai,E-Bike,12.5,66.0,4.0,3.0
ORD10036,2024-04-01 22:36:00,CUST2028,Vikram Joshi,Male,57.0,Pune,,R006,South Spice,South Indian,,Masala Dosa,Breakfast,4.0,90.0,360.0,Delivered,Credit Card,Paid,Ishaan Joshi,Scooter,12.1,64.0,4.0,5.0
ORD10037,2024-09-14 20:33:00,CUST2029,Sai Singh,Male,44.0,Delhi,Karol Bagh,R013,Sweet Tooth,Desserts,4.6,Gulab Jamun,Desserts,,90.0,360.0,Returned,Cash on Delivery,Refunded,Nikhil Malhotra,Bike,5.0,,,
ORD10038,2024-03-25 00:51:00,CUST2030,Sunita Kapoor,Female,40.0,Delhi,Karol Bagh,R006,South Spice,South Indian,4.5,Idli Sambar,Breakfast,4.0,70.0,280.0,Delivered,,Paid,Reyansh Sharma,Bike,11.0,57.0,4.0,4.0
ORD10039,2024-01-22 00:00:00,CUST2031,Manoj Kapoor,Female,56.0,Mumbai,,R014,Healthy Bites,Salads,4.2,Caesar Salad,Salads,3.0,180.0,540.0,Cancelled,Debit Card,Refunded,Pooja Gupta,Bike,10.9,46.0,,
ORD10040,2024-09-07 23:24:00,CUST2032,Nikhil Bose,Male,24.0,Kolkata,Salt Lake,R010,Kebab Junction,Mughlai,4.3,Seekh Kebab,Starters,4.0,220.0,880.0,Delivered,Cash on Delivery,Paid,Myra Pillai,Bike,4.4,29.0,3.0,5.0
ORD10041,2024-06-23 23:05:00,CUST2004,Rohan Menon,Male,28.0,Chennai,Anna Nagar,R003,Dragon Wok,Chinese,4.0,Spring Rolls,Starters,3.0,140.0,420.0,Delivered,Credit Card,Paid,Vikram Das,E-Bike,9.4,55.0,5.0,5.0
ORD10042,2024-07-06 00:00:00,CUST2033,Manoj Chatterjee,Female,37.0,Chennai,OMR,R001,Biryani Blues,Biryani,4.3,Veg Biryani,Main Course,1.0,180.0,180.0,Cancelled,Credit Card,Failed,Vivaan Singh,Bicycle,4.2,25.0,,
ORD10043,2024-12-18 00:00:00,CUST2034,Riya Verma,Female,,Mumbai,Powai,R012,Noodle Story,Chinese,3.7,Chicken Manchurian,Main Course,1.0,210.0,210.0,Returned,Credit Card,Refunded,Manoj Nair,Bicycle,6.8,42.0,,
ORD10044,2024-07-28 00:00:00,CUST2010,Anika Gupta,Female,60.0,Pune,Kothrud,R001,Biryani Blues,Biryani,4.3,Chicken Biryani,Main Course,3.0,220.0,660.0,Delivered,Wallet,Paid,Kiran Desai,Bike,7.5,39.0,4.0,5.0
ORD10045,2024-11-03 11:36:00,CUST2035,Ravi Verma,Male,45.0,Pune,Hinjewadi,R010,Kebab Junction,Mughlai,4.3,Seekh Kebab,Starters,1.0,220.0,220.0,Delivered,Credit Card,Paid,Sai Iyer,Bike,11.6,54.0,5.0,4.0
ORD10046,2024-11-11 00:00:00,CUST2036,Nikhil Bose,Female,23.0,Delhi,Rohini,R007,Sushi Yama,Japanese,4.2,Chicken Ramen,Main Course,3.0,280.0,840.0,Returned,UPI,Refunded,Ravi Rao,E-Bike,10.7,58.0,,
ORD10047,2024-03-20 01:18:00,CUST2037,Vikram Iyer,Male,38.0,Mumbai,Powai,R002,Pizza Palace,Italian,4.1,Pepperoni Pizza,Pizza,5.0,320.0,1600.0,Delivered,Wallet,Paid,Lakshmi Verma,Bike,3.5,27.0,5.0,3.0
ORD10048,2024-02-15 00:00:00,CUST2009,Riya Chatterjee,Female,53.0,Pune,Hinjewadi,R008,Taco Fiesta,Mexican,3.8,Burrito Bowl,Main Course,4.0,240.0,960.0,Delivered,UPI,Paid,Myra Pillai,Scooter,8.6,45.0,3.0,5.0
ORD10049,2024-01-12 00:00:00,CUST2038,Suresh Kumar,Male,50.0,Pune,Hinjewadi,R007,Sushi Yama,Japanese,4.2,Chicken Ramen,Main Course,4.0,280.0,1120.0,Cancelled,Cash on Delivery,Refunded,Aditya Menon,Bicycle,13.9,76.0,,
ORD10050,2024-10-23 06:29:00,CUST2027,Priya Mukherjee,Female,27.0,Delhi,Rohini,R015,Chaat Corner,Street Food,4.0,Vada Pav,Street Food,3.0,50.0,150.0,Delivered,Debit Card,Paid,,E-Bike,13.1,67.0,4.0,5.0
ORD10051,2024-03-12 18:11:00,CUST2039,Rahul Gupta,Female,33.0,Chennai,Adyar,R004,Punjabi Tadka,North Indian,4.4,Paneer Tikka,Starters,1.0,220.0,220.0,Delivered,Cash on Delivery,Paid,Aditya Menon,Bicycle,7.8,37.0,5.0,4.0
ORD10052,2024-09-26 00:28:00,CUST2029,Sai Singh,Male,44.0,Delhi,Saket,R009,The Bakers Oven,Bakery,4.0,Croissant,Bakery,1.0,90.0,90.0,Returned,Credit Card,Refunded,Aarohi Patel,Bike,7.5,49.0,,
ORD10053,2024-05-03 14:37:00,CUST2040,Amit Malhotra,Male,42.0,Mumbai,Dadar,R014,Healthy Bites,Salads,4.2,Quinoa Salad,Salads,1.0,210.0,210.0,Delivered,UPI,Paid,Pooja Gupta,Bicycle,11.4,55.0,3.0,5.0
ORD10054,2024-08-28 00:00:00,CUST2041,Aditya Das,,21.0,Mumbai,Powai,R006,South Spice,South Indian,4.5,Idli Sambar,Breakfast,2.0,70.0,140.0,Cancelled,Wallet,Failed,Manoj Nair,Bicycle,3.2,25.0,,
ORD10055,2024-06-26 10:01:00,CUST2042,Manoj Reddy,Female,32.0,Delhi,Rohini,R008,Taco Fiesta,Mexican,3.8,Nachos,Starters,1.0,180.0,180.0,Delivered,,Paid,Vivaan Singh,E-Bike,14.2,85.0,,4.0
ORD10056,2024-10-16 09:30:00,CUST2043,Sneha Bose,Male,24.0,Hyderabad,Kukatpally,R010,Kebab Junction,Mughlai,4.3,Seekh Kebab,Starters,5.0,220.0,1100.0,Delivered,Debit Card,Paid,Aditya Menon,Scooter,0.9,17.0,3.0,5.0
ORD10057,2024-12-19 00:00:00,CUST2044,Myra Desai,Female,40.0,Hyderabad,Madhapur,R010,Kebab Junction,Mughlai,4.3,Seekh Kebab,Starters,2.0,220.0,440.0,Returned,UPI,Refunded,Pooja Gupta,E-Bike,1.3,11.0,,
ORD10058,2024-08-11 07:59:00,CUST2027,Priya Mukherjee,Female,27.0,Delhi,Dwarka,R004,Punjabi Tadka,North Indian,4.4,Butter Chicken,Main Course,5.0,260.0,1300.0,Delivered,Wallet,Paid,Myra Pillai,Scooter,13.8,89.0,4.0,4.0
ORD10059,2024-05-27 23:24:00,CUST2005,Sai Bose,Male,,Kolkata,Park Street,R013,Sweet Tooth,Desserts,4.6,Gulab Jamun,Desserts,4.0,90.0,360.0,Delivered,Debit Card,Paid,Aditya Menon,Bike,4.6,25.0,4.0,5.0
ORD10060,2024-10-07 07:35:00,CUST2045,Reyansh Singh,Female,48.0,Bangalore,Jayanagar,R015,Chaat Corner,Street Food,4.0,Vada Pav,Street Food,3.0,50.0,150.0,Delivered,Credit Card,Paid,Kiran Desai,Scooter,10.0,42.0,3.0,
ORD10061,2024-08-27 00:00:00,CUST2016,Kiran Das,,60.0,Kolkata,Park Street,R007,Sushi Yama,Japanese,4.2,Chicken Ramen,Main Course,3.0,280.0,840.0,Returned,Wallet,Refunded,Manoj Nair,Bicycle,13.4,77.0,,
ORD10062,2024-11-16 02:01:00,CUST2046,Aditya Menon,Female,31.0,Delhi,Connaught Place,R004,Punjabi Tadka,North Indian,4.4,Paneer Tikka,Starters,1.0,220.0,220.0,Returned,Debit Card,Refunded,Krishna Chatterjee,E-Bike,4.7,40.0,,
ORD10063,2024-02-11 00:00:00,CUST2047,Nikhil Desai,Male,19.0,Bangalore,Whitefield,R004,Punjabi Tadka,North Indian,4.4,Butter Chicken,Main Course,5.0,260.0,,Cancelled,UPI,Refunded,Manoj Nair,Bicycle,12.3,61.0,,
ORD10064,2024-08-03 00:00:00,CUST2048,Kavya Reddy,Male,26.0,Chennai,Velachery,R013,Sweet Tooth,Desserts,4.6,Gulab Jamun,Desserts,1.0,90.0,90.0,Returned,UPI,Refunded,Nikhil Malhotra,Scooter,12.0,,,
ORD10065,2024-06-26 21:15:00,CUST2009,Riya Chatterjee,Female,,Pune,Baner,R009,The Bakers Oven,Bakery,4.0,Chocolate Cake,Desserts,1.0,350.0,350.0,Delivered,Cash on Delivery,Paid,Meera Bose,Bike,7.2,39.0,5.0,4.0
ORD10066,2024-05-27 00:00:00,CUST2049,Vihaan Bose,Male,43.0,Delhi,Saket,R008,Taco Fiesta,Mexican,3.8,Burrito Bowl,Main Course,4.0,240.0,960.0,Delivered,UPI,Paid,Suresh Kumar,Bicycle,1.7,18.0,5.0,4.0
ORD10067,2024-03-06 20:26:00,CUST2050,Vikram Kapoor,Female,56.0,Delhi,Saket,R013,Sweet Tooth,Desserts,4.6,Brownie,Desserts,1.0,130.0,130.0,Returned,Wallet,Refunded,Lakshmi Verma,E-Bike,13.4,71.0,,
ORD10068,2024-08-15 00:00:00,CUST2051,Rahul Chatterjee,,38.0,Pune,Hinjewadi,R006,South Spice,South Indian,4.5,Masala Dosa,Breakfast,4.0,90.0,360.0,Delivered,UPI,Paid,Vivaan Singh,E-Bike,2.2,24.0,,3.0
ORD10069,2024-05-15 23:17:00,CUST2052,Krishna Chatterjee,Female,40.0,Kolkata,Ballygunge,R014,Healthy Bites,Salads,4.2,Quinoa Salad,Salads,1.0,210.0,210.0,Delivered,Wallet,Paid,Aarav Reddy,Bike,9.0,46.0,4.0,3.0
ORD10070,2024-03-01 08:54:00,CUST2053,Krishna Patel,Female,54.0,Hyderabad,Kukatpally,R014,Healthy Bites,Salads,4.2,Quinoa Salad,Salads,5.0,210.0,1050.0,Delivered,Wallet,Paid,Suresh Kumar,Scooter,1.2,17.0,4.0,4.0
ORD10071,2024-01-05 00:40:00,CUST2010,Anika Gupta,Female,60.0,Pune,Kharadi,R011,Curry House,North Indian,4.1,Paneer Tikka,Starters,1.0,220.0,220.0,Cancelled,UPI,Refunded,Meera Bose,Bicycle,6.1,,,
ORD10072,2024-02-13 01:34:00,CUST2054,Vihaan Reddy,Male,28.0,Kolkata,Salt Lake,R011,Curry House,North Indian,4.1,Butter Chicken,Main Course,3.0,260.0,780.0,Delivered,Cash on Delivery,Paid,Suresh Kumar,E-Bike,6.7,36.0,4.0,5.0
ORD10073,2024-04-22 00:00:00,CUST2044,Myra Desai,Female,40.0,Hyderabad,Secunderabad,R008,Taco Fiesta,Mexican,3.8,Burrito Bowl,Main Course,3.0,240.0,720.0,Delivered,Credit Card,Paid,Suresh Kumar,Bike,0.9,10.0,4.0,4.0
ORD10074,2024-11-08 14:27:00,CUST2055,Suresh Chatterjee,Male,29.0,Hyderabad,Kukatpally,R009,The Bakers Oven,Bakery,4.0,Cupcake,Desserts,2.0,80.0,160.0,Delivered,,Paid,Vivaan Singh,E-Bike,13.0,51.0,3.0,4.0
ORD10075,2024-06-02 00:00:00,CUST2056,Nikhil Chatterjee,Female,36.0,Bangalore,HSR Layout,R001,Biryani Blues,Biryani,4.3,Mutton Biryani,Main Course,2.0,280.0,560.0,Delivered,Cash on Delivery,Paid,Vivaan Singh,E-Bike,,61.0,5.0,3.0
ORD10076,2024-10-22 00:00:00,CUST2057,Myra Das,Female,28.0,Bangalore,Jayanagar,R011,Curry House,North Indian,4.1,Butter Chicken,Main Course,5.0,260.0,1300.0,Delivered,Credit Card,Paid,Aarav Reddy,Bicycle,4.2,22.0,5.0,4.0
ORD10077,2024-05-16 16:20:00,CUST2058,Diya Bose,Male,47.0,Kolkata,Ballygunge,R011,Curry House,North Indian,,Dal Makhani,Main Course,5.0,180.0,900.0,Delivered,Debit Card,Paid,Kiran Desai,Bike,7.5,48.0,5.0,3.0
ORD10078,2024-04-05 20:50:00,CUST2059,Vikram Mukherjee,Female,20.0,Bangalore,Whitefield,R014,Healthy Bites,Salads,4.2,Fruit Bowl,Salads,1.0,120.0,120.0,Returned,UPI,Refunded,Kiran Desai,Bike,7.2,48.0,,
ORD10079,2024-05-21 00:00:00,CUST2060,Vihaan Mukherjee,Male,24.0,Kolkata,Howrah,R012,Noodle Story,Chinese,3.7,Veg Noodles,Noodles,5.0,160.0,800.0,Returned,Credit Card,Refunded,Reyansh Sharma,E-Bike,14.9,78.0,,
ORD10080,2024-09-05 11:09:00,CUST2061,Sneha Chatterjee,Female,39.0,Pune,Kharadi,R001,Biryani Blues,Biryani,4.3,Veg Biryani,Main Course,3.0,180.0,540.0,Delivered,Debit Card,Paid,Vikram Das,E-Bike,4.8,35.0,5.0,4.0
ORD10081,2024-11-11 19:25:00,CUST2043,Sneha Bose,Male,24.0,Hyderabad,Madhapur,R015,Chaat Corner,Street Food,4.0,Bhel Puri,Street Food,3.0,70.0,210.0,Returned,Cash on Delivery,Refunded,Suresh Kumar,Bike,5.2,35.0,,
ORD10082,2024-10-24 13:05:00,CUST2045,Reyansh Singh,Female,48.0,Bangalore,Electronic City,R011,Curry House,North Indian,4.1,Dal Makhani,Main Course,1.0,180.0,180.0,Returned,Cash on Delivery,Refunded,Nikhil Malhotra,Scooter,5.2,36.0,,
ORD10083,2024-07-10 01:54:00,CUST2062,Ishaan Reddy,Male,22.0,Mumbai,Andheri,R009,The Bakers Oven,Bakery,4.0,Cupcake,Desserts,5.0,80.0,400.0,Delivered,Debit Card,Paid,Suresh Kumar,E-Bike,3.0,23.0,5.0,4.0
ORD10084,2024-09-08 00:00:00,CUST2063,Priya Singh,Female,46.0,Chennai,Velachery,R013,Sweet Tooth,Desserts,4.6,Brownie,Desserts,4.0,130.0,520.0,Cancelled,Wallet,Refunded,Pooja Gupta,E-Bike,13.6,64.0,,
ORD10085,2024-11-26 13:26:00,CUST2064,Riya Pillai,Female,50.0,Chennai,Adyar,R003,Dragon Wok,Chinese,4.0,Veg Noodles,Noodles,5.0,160.0,800.0,Cancelled,Debit Card,Refunded,Anika Kapoor,Scooter,8.7,45.0,,
ORD10086,2024-06-02 00:00:00,CUST2011,Reyansh Reddy,Female,34.0,Bangalore,Indiranagar,R005,Burger Point,Fast Food,3.9,French Fries,Sides,5.0,90.0,450.0,Cancelled,Cash on Delivery,Refunded,Reyansh Sharma,E-Bike,13.4,80.0,,
ORD10087,2024-06-23 00:00:00,CUST2065,Sneha Iyer,Male,41.0,Hyderabad,Gachibowli,R006,South Spice,South Indian,4.5,Masala Dosa,Breakfast,3.0,90.0,270.0,Cancelled,Credit Card,Refunded,,E-Bike,10.7,52.0,,
ORD10088,2024-01-25 09:24:00,CUST2066,Vivaan Patel,Male,31.0,Kolkata,Park Street,R009,The Bakers Oven,Bakery,4.0,Cupcake,Desserts,5.0,80.0,400.0,Delivered,Cash on Delivery,Paid,,Bicycle,5.1,27.0,5.0,5.0
ORD10089,2024-07-22 07:13:00,CUST2064,Riya Pillai,Female,50.0,Chennai,OMR,R009,The Bakers Oven,Bakery,4.0,Chocolate Cake,Desserts,5.0,350.0,1750.0,Delivered,Credit Card,Paid,Pooja Gupta,E-Bike,0.8,14.0,4.0,3.0
ORD10090,,CUST2067,Lakshmi Malhotra,Male,50.0,Kolkata,Salt Lake,R007,Sushi Yama,Japanese,4.2,Chicken Ramen,Main Course,1.0,280.0,280.0,Returned,Cash on Delivery,Refunded,Sai Iyer,Bike,5.9,28.0,,
ORD10091,2024-04-23 00:00:00,CUST2068,Ishaan Verma,Female,40.0,Chennai,Velachery,R014,Healthy Bites,Salads,4.2,Quinoa Salad,Salads,2.0,210.0,420.0,Returned,Cash on Delivery,Refunded,Myra Pillai,Bicycle,,18.0,,
ORD10092,2024-04-16 02:33:00,CUST2026,Manoj Singh,Male,24.0,Pune,Kothrud,R006,South Spice,South Indian,4.5,Idli Sambar,Breakfast,5.0,70.0,350.0,Delivered,Wallet,Paid,Sai Iyer,Bike,11.5,53.0,3.0,4.0
ORD10093,2024-01-31 00:00:00,CUST2048,Kavya Reddy,Male,26.0,Chennai,Adyar,R015,Chaat Corner,Street Food,4.0,Bhel Puri,Street Food,4.0,70.0,280.0,Delivered,Debit Card,Paid,Anika Kapoor,E-Bike,6.0,38.0,3.0,
ORD10094,2024-06-17 00:00:00,CUST2069,Gita Kumar,Male,38.0,Bangalore,Koramangala,R006,South Spice,South Indian,4.5,Uttapam,Breakfast,3.0,100.0,300.0,Delivered,Cash on Delivery,Paid,Myra Pillai,E-Bike,5.8,34.0,4.0,
ORD10095,2024-01-04 15:38:00,CUST2008,Vihaan Pillai,Male,39.0,Kolkata,Salt Lake,R011,Curry House,North Indian,4.1,Dal Makhani,Main Course,4.0,180.0,720.0,Delivered,Wallet,Paid,Nikhil Malhotra,Bicycle,12.9,72.0,4.0,3.0
ORD10096,2024-01-11 00:00:00,CUST2070,Priya Pillai,Female,54.0,Bangalore,Jayanagar,R003,Dragon Wok,Chinese,4.0,Spring Rolls,Starters,4.0,140.0,560.0,Delivered,Debit Card,Paid,Vivaan Singh,Bicycle,8.3,47.0,4.0,3.0
ORD10097,2024-12-15 00:17:00,CUST2071,Lakshmi Pillai,Female,53.0,Bangalore,Whitefield,R013,Sweet Tooth,Desserts,4.6,Ice Cream Sundae,Desserts,4.0,150.0,600.0,Cancelled,Wallet,Failed,Anika Kapoor,Bicycle,2.5,22.0,,
ORD10098,2024-02-11 22:48:00,CUST2072,Rahul Menon,Male,22.0,Chennai,OMR,R005,Burger Point,Fast Food,3.9,French Fries,Sides,2.0,90.0,180.0,Returned,Credit Card,Refunded,Meera Bose,Bicycle,2.5,16.0,,
ORD10099,2024-06-23 00:00:00,CUST2073,Sunita Joshi,Female,41.0,Delhi,Karol Bagh,R003,Dragon Wok,Chinese,4.0,Spring Rolls,Starters,1.0,,140.0,Delivered,Debit Card,Paid,Anika Kapoor,E-Bike,11.7,65.0,4.0,3.0
ORD10100,2024-12-31 09:51:00,CUST2074,Ishaan Malhotra,Female,,Chennai,Anna Nagar,R013,Sweet Tooth,Desserts,,Gulab Jamun,Desserts,4.0,90.0,360.0,Delivered,UPI,Paid,Meera Bose,Bicycle,5.1,33.0,4.0,4.0
ORD10101,2024-11-05 00:00:00,CUST2075,Sai Patel,Female,30.0,Pune,Kharadi,R005,Burger Point,Fast Food,3.9,Cheese Burger,Burger,3.0,130.0,390.0,Delivered,Wallet,Paid,Meera Bose,Bicycle,9.2,49.0,5.0,5.0
ORD10102,2024-06-25 03:20:00,CUST2076,Vivaan Iyer,Male,20.0,Pune,Kharadi,R005,Burger Point,Fast Food,,Veg Burger,Burger,2.0,110.0,220.0,Delivered,Cash on Delivery,Paid,Anika Kapoor,Scooter,9.9,,5.0,4.0
ORD10103,2024-02-20 18:49:00,CUST2008,Vihaan Pillai,,39.0,Kolkata,Park Street,R008,Taco Fiesta,Mexican,3.8,Nachos,Starters,4.0,180.0,720.0,Delivered,Credit Card,Paid,Suresh Kumar,Bicycle,5.2,38.0,4.0,5.0
ORD10104,2024-07-10 01:24:00,CUST2077,Rahul Singh,Male,47.0,Bangalore,,R008,Taco Fiesta,Mexican,3.8,Chicken Tacos,Main Course,2.0,210.0,420.0,Delivered,UPI,Paid,Aditya Menon,E-Bike,4.3,29.0,4.0,5.0
ORD10105,2024-04-20 23:22:00,CUST2078,Suresh Kapoor,Male,47.0,Delhi,,R008,Taco Fiesta,Mexican,3.8,Chicken Tacos,Main Course,1.0,210.0,210.0,Delivered,Wallet,Paid,Reyansh Sharma,Bicycle,9.1,40.0,5.0,5.0
ORD10106,2024-04-18 15:11:00,CUST2079,Pooja Reddy,Male,34.0,Pune,Hinjewadi,R013,Sweet Tooth,Desserts,4.6,Ice Cream Sundae,Desserts,3.0,150.0,450.0,Delivered,Cash on Delivery,Paid,Manoj Nair,Bicycle,5.9,32.0,5.0,5.0
ORD10107,2024-02-07 23:36:00,CUST2080,Ishaan Nair,Male,43.0,Mumbai,Powai,R009,The Bakers Oven,Bakery,4.0,Croissant,Bakery,2.0,90.0,180.0,Cancelled,Wallet,Failed,Meera Bose,Bike,1.4,13.0,,
ORD10108,2024-09-18 00:00:00,CUST2081,Ravi Kapoor,Male,26.0,Mumbai,Malad,R006,South Spice,South Indian,4.5,Masala Dosa,Breakfast,4.0,90.0,360.0,Delivered,Debit Card,Paid,Meera Bose,E-Bike,10.9,57.0,4.0,4.0
ORD10109,2024-02-27 00:00:00,CUST2054,Vihaan Reddy,Male,28.0,Kolkata,Howrah,R013,Sweet Tooth,Desserts,,Brownie,Desserts,1.0,130.0,130.0,Delivered,,Paid,Manoj Nair,Bicycle,11.0,58.0,5.0,5.0
ORD10110,2024-02-23 00:00:00,CUST2082,Aditya Joshi,Male,25.0,Hyderabad,Gachibowli,R008,Taco Fiesta,Mexican,3.8,Nachos,Starters,4.0,180.0,720.0,Cancelled,Cash on Delivery,Refunded,Lakshmi Verma,E-Bike,13.2,71.0,,
ORD10111,2024-10-26 00:00:00,CUST2083,Deepak Kapoor,Female,42.0,Mumbai,Bandra,R008,Taco Fiesta,Mexican,3.8,Burrito Bowl,Main Course,3.0,240.0,720.0,Delivered,Debit Card,Paid,Suresh Kumar,E-Bike,3.5,24.0,4.0,4.0
ORD10112,2024-01-17 08:05:00,CUST2027,Priya Mukherjee,Female,27.0,Delhi,Connaught Place,R006,South Spice,South Indian,4.5,Idli Sambar,Breakfast,3.0,70.0,210.0,Delivered,Debit Card,Paid,Kavya Mukherjee,E-Bike,13.5,66.0,4.0,4.0
ORD10113,2024-08-27 02:31:00,CUST2011,Reyansh Reddy,Female,,Bangalore,Whitefield,R015,Chaat Corner,Street Food,4.0,Bhel Puri,Street Food,3.0,70.0,210.0,Returned,,Refunded,Ishaan Joshi,Scooter,14.0,74.0,,
ORD10114,2024-09-10 00:00:00,CUST2084,Aarohi Verma,,,Chennai,Anna Nagar,R011,Curry House,North Indian,4.1,Butter Chicken,Main Course,1.0,260.0,260.0,Delivered,Cash on Delivery,Paid,Anika Kapoor,Bike,10.5,54.0,4.0,5.0
ORD10115,2024-03-09 00:00:00,CUST2085,Deepak Gupta,Female,36.0,Mumbai,Powai,R011,Curry House,North Indian,4.1,Butter Chicken,Main Course,1.0,260.0,260.0,Returned,Wallet,Refunded,Vikram Das,Bike,13.8,66.0,,
ORD10116,2024-06-30 18:16:00,CUST2086,Karthik Bose,Male,29.0,Pune,Hinjewadi,R015,Chaat Corner,Street Food,4.0,Pani Puri,Street Food,1.0,60.0,60.0,Delivered,Wallet,Paid,Ravi Rao,Scooter,7.3,45.0,4.0,5.0
ORD10117,2024-09-03 03:43:00,CUST2015,Myra Sharma,Male,60.0,,Banjara Hills,R003,Dragon Wok,Chinese,4.0,Spring Rolls,Starters,4.0,140.0,560.0,Returned,Debit Card,Refunded,Nikhil Malhotra,Scooter,12.0,68.0,,
ORD10118,2024-08-05 00:19:00,CUST2087,Pooja Kapoor,Female,38.0,Bangalore,HSR Layout,R011,Curry House,North Indian,,Butter Chicken,Main Course,2.0,260.0,520.0,Cancelled,Cash on Delivery,Failed,Reyansh Sharma,Bike,4.5,30.0,,
ORD10119,2024-04-07 16:58:00,CUST2088,Anika Menon,Male,,Bangalore,Electronic City,R002,Pizza Palace,Italian,4.1,Pepperoni Pizza,Pizza,3.0,320.0,960.0,Cancelled,Cash on Delivery,Failed,Kavya Mukherjee,Scooter,6.0,38.0,,
ORD10120,2024-01-24 23:37:00,CUST2078,Suresh Kapoor,Male,47.0,Delhi,Rohini,R007,Sushi Yama,Japanese,4.2,Miso Soup,Starters,5.0,150.0,750.0,Delivered,Wallet,Paid,Reyansh Sharma,Bike,8.3,46.0,5.0,3.0
ORD10121,2024-01-23 10:08:00,CUST2089,Anil Malhotra,Male,27.0,Hyderabad,Banjara Hills,R014,Healthy Bites,Salads,4.2,Quinoa Salad,Salads,4.0,210.0,840.0,Delivered,Credit Card,Paid,Vivaan Singh,E-Bike,12.3,64.0,5.0,5.0
ORD10122,2024-04-21 11:52:00,CUST2090,Vivaan Pillai,Female,34.0,Kolkata,Salt Lake,R012,Noodle Story,Chinese,3.7,Veg Noodles,Noodles,5.0,160.0,800.0,Delivered,UPI,Paid,Aarav Reddy,Bike,8.5,44.0,5.0,3.0
ORD10123,2024-02-01 08:22:00,CUST2091,Divya Menon,Male,42.0,Delhi,Connaught Place,R007,Sushi Yama,Japanese,4.2,California Roll,Sushi,5.0,320.0,1600.0,Cancelled,Debit Card,Refunded,Myra Pillai,E-Bike,8.3,48.0,,
ORD10124,2024-10-24 12:08:00,CUST2092,Vikram Malhotra,,45.0,Chennai,Adyar,R014,Healthy Bites,Salads,4.2,Caesar Salad,Salads,2.0,180.0,360.0,Delivered,Debit Card,Paid,Sai Iyer,Bicycle,14.1,75.0,5.0,5.0
ORD10125,2024-10-28 09:26:00,CUST2093,Aarohi Gupta,,22.0,Bangalore,Jayanagar,R001,Biryani Blues,Biryani,,Mutton Biryani,Main Course,5.0,280.0,1400.0,Returned,UPI,Refunded,Krishna Chatterjee,E-Bike,7.0,44.0,,
ORD10126,2024-04-16 00:00:00,CUST2065,Sneha Iyer,,41.0,Hyderabad,Banjara Hills,R004,Punjabi Tadka,North Indian,4.4,Dal Makhani,Main Course,5.0,180.0,900.0,Delivered,Wallet,Paid,Reyansh Sharma,Scooter,13.2,82.0,5.0,4.0
ORD10127,2024-05-26 04:51:00,CUST2076,Vivaan Iyer,Male,20.0,Pune,Viman Nagar,R011,Curry House,North Indian,4.1,Dal Makhani,Main Course,4.0,180.0,720.0,Delivered,Cash on Delivery,Paid,Aarav Reddy,E-Bike,12.0,58.0,,4.0
ORD10128,2024-04-04 07:36:00,CUST2069,Gita Kumar,Male,38.0,Bangalore,HSR Layout,R004,Punjabi Tadka,North Indian,,Butter Chicken,Main Course,3.0,260.0,780.0,Returned,Credit Card,Refunded,Krishna Chatterjee,E-Bike,,,,
ORD10129,2024-11-08 00:00:00,CUST2043,Sneha Bose,Male,24.0,Hyderabad,Gachibowli,R015,Chaat Corner,Street Food,4.0,Bhel Puri,Street Food,3.0,70.0,210.0,Delivered,Wallet,Paid,Krishna Chatterjee,Scooter,6.2,34.0,3.0,
ORD10130,2024-04-19 22:18:00,CUST2094,Deepak Gupta,Male,39.0,,Andheri,R004,Punjabi Tadka,North Indian,4.4,Butter Chicken,Main Course,1.0,260.0,260.0,Returned,Cash on Delivery,Refunded,Suresh Kumar,Bicycle,,33.0,,
ORD10131,2024-02-08 21:14:00,CUST2095,Meera Patel,Female,41.0,Chennai,Adyar,R008,Taco Fiesta,Mexican,3.8,Chicken Tacos,Main Course,4.0,210.0,840.0,Delivered,Credit Card,Paid,Ravi Rao,E-Bike,1.4,19.0,3.0,4.0
ORD10132,2024-06-03 00:00:00,CUST2096,Riya Reddy,Female,30.0,Mumbai,Bandra,R007,Sushi Yama,Japanese,4.2,Miso Soup,Starters,2.0,150.0,300.0,Delivered,Wallet,Paid,Sai Iyer,E-Bike,14.5,79.0,,4.0
ORD10133,2024-03-25 22:36:00,CUST2070,,Female,54.0,Bangalore,HSR Layout,R003,Dragon Wok,Chinese,4.0,Spring Rolls,Starters,1.0,140.0,140.0,Delivered,,Paid,Krishna Chatterjee,Bike,6.7,42.0,4.0,3.0
ORD10134,2024-11-11 00:00:00,CUST2097,Vihaan Desai,Female,58.0,Pune,Kharadi,R015,Chaat Corner,Street Food,4.0,Bhel Puri,Street Food,4.0,70.0,280.0,Delivered,UPI,Paid,Nikhil Malhotra,Bike,8.3,48.0,,5.0
ORD10135,2024-04-26 00:00:00,CUST2098,Diya Nair,Female,24.0,Chennai,Anna Nagar,R004,Punjabi Tadka,North Indian,4.4,Butter Chicken,Main Course,5.0,260.0,1300.0,Delivered,Debit Card,Paid,Sai Iyer,E-Bike,1.9,19.0,4.0,4.0
ORD10136,2024-11-29 00:00:00,CUST2099,Aditya Iyer,Male,43.0,Delhi,Connaught Place,R009,The Bakers Oven,Bakery,4.0,Croissant,Bakery,1.0,90.0,90.0,Returned,UPI,Refunded,Vivaan Singh,E-Bike,12.8,69.0,,
ORD10137,2024-04-26 05:27:00,CUST2100,Myra Gupta,Male,54.0,Delhi,Rohini,R001,Biryani Blues,Biryani,4.3,Chicken Biryani,Main Course,3.0,220.0,660.0,Delivered,Wallet,Paid,Myra Pillai,Scooter,1.0,10.0,5.0,3.0
ORD10138,2024-10-25 15:39:00,CUST2031,Manoj Kapoor,,56.0,Mumbai,Malad,R014,Healthy Bites,Salads,4.2,Fruit Bowl,Salads,5.0,120.0,600.0,Delivered,Cash on Delivery,Paid,Vivaan Singh,Scooter,1.6,20.0,4.0,5.0
ORD10139,2024-04-14 00:00:00,CUST2101,Rahul Sharma,Female,58.0,Mumbai,Dadar,R008,Taco Fiesta,Mexican,3.8,Chicken Tacos,Main Course,3.0,210.0,630.0,Delivered,Cash on Delivery,Paid,Myra Pillai,E-Bike,2.0,22.0,3.0,3.0
ORD10140,2024-06-16 09:01:00,CUST2092,Vikram Malhotra,Female,45.0,Chennai,Anna Nagar,R012,Noodle Story,Chinese,3.7,Chicken Manchurian,Main Course,3.0,210.0,630.0,Delivered,UPI,Paid,Nikhil Malhotra,Scooter,7.1,,3.0,4.0
ORD10141,2024-07-21 00:00:00,CUST2102,Reyansh Sharma,Female,23.0,Mumbai,Malad,R002,Pizza Palace,Italian,4.1,Pasta Alfredo,Pasta,5.0,240.0,1200.0,Delivered,Cash on Delivery,Paid,Pooja Gupta,E-Bike,6.3,37.0,4.0,5.0
ORD10142,2024-07-04 18:00:00,CUST2049,Vihaan Bose,Male,43.0,,,R003,Dragon Wok,Chinese,4.0,Chicken Manchurian,Main Course,3.0,210.0,630.0,Delivered,Cash on Delivery,Paid,Vivaan Singh,Bicycle,7.0,40.0,3.0,4.0
ORD10143,2024-04-26 16:15:00,CUST2103,Ravi Desai,Female,30.0,Delhi,Saket,R003,Dragon Wok,Chinese,4.0,Chicken Manchurian,Main Course,1.0,210.0,210.0,Delivered,Debit Card,Paid,Ravi Rao,E-Bike,5.6,42.0,5.0,4.0
ORD10144,2024-08-17 00:00:00,CUST2104,Deepak Das,Male,29.0,,,R005,Burger Point,Fast Food,3.9,Veg Burger,Burger,4.0,110.0,440.0,Delivered,Credit Card,Paid,Aditya Menon,Scooter,12.4,59.0,5.0,4.0
ORD10145,2024-06-23 09:36:00,CUST2105,Sunita Sharma,Male,47.0,Pune,Viman Nagar,R008,Taco Fiesta,Mexican,3.8,Nachos,Starters,1.0,180.0,180.0,Delivered,Cash on Delivery,Paid,Pooja Gupta,Bicycle,,,5.0,3.0
ORD10146,2024-01-18 04:52:00,CUST2106,Manoj Pillai,Female,52.0,Chennai,Adyar,R009,The Bakers Oven,Bakery,,Chocolate Cake,Desserts,3.0,,,Returned,Wallet,Refunded,Kavya Mukherjee,Bicycle,10.1,53.0,,
ORD10147,2024-07-13 08:40:00,CUST2107,Amit Chatterjee,,24.0,Bangalore,Koramangala,R005,Burger Point,Fast Food,3.9,Cheese Burger,Burger,5.0,130.0,650.0,Returned,Wallet,Refunded,Kiran Desai,Scooter,6.4,43.0,,
ORD10148,2024-02-07 00:00:00,CUST2004,Rohan Menon,Male,28.0,Chennai,Adyar,R002,Pizza Palace,Italian,4.1,Pepperoni Pizza,Pizza,4.0,320.0,1280.0,Delivered,UPI,Paid,Aarav Reddy,Scooter,5.7,39.0,4.0,5.0
ORD10149,2024-06-28 10:39:00,CUST2108,Rahul Iyer,Female,37.0,Bangalore,Electronic City,R002,Pizza Palace,Italian,4.1,Margherita Pizza,Pizza,3.0,250.0,750.0,Returned,UPI,Refunded,Reyansh Sharma,Bicycle,8.6,45.0,,
ORD10150,2024-09-02 12:23:00,CUST2052,,Female,40.0,Kolkata,Park Street,R003,Dragon Wok,Chinese,4.0,Spring Rolls,Starters,4.0,140.0,560.0,Delivered,UPI,Paid,Kiran Desai,E-Bike,6.3,37.0,3.0,5.0
ORD10151,2024-11-12 00:00:00,CUST2109,Priya Das,Male,30.0,Delhi,Saket,R005,Burger Point,Fast Food,3.9,Veg Burger,Burger,4.0,110.0,440.0,Delivered,Debit Card,Paid,Suresh Kumar,E-Bike,9.1,51.0,,4.0
ORD10152,2024-03-13 00:00:00,CUST2110,Kiran Joshi,Female,23.0,Pune,Viman Nagar,R006,South Spice,South Indian,4.5,Masala Dosa,Breakfast,2.0,90.0,180.0,Delivered,UPI,Paid,Aarav Reddy,Bicycle,8.1,,5.0,5.0
ORD10153,2024-07-06 21:24:00,CUST2111,Sunita Rao,,49.0,Mumbai,Bandra,R003,Dragon Wok,Chinese,4.0,Chicken Manchurian,Main Course,4.0,210.0,840.0,Delivered,,Paid,Nikhil Malhotra,E-Bike,2.7,28.0,5.0,5.0
ORD10154,2024-07-17 09:03:00,CUST2112,Sanjay Bose,Female,28.0,Bangalore,Jayanagar,R001,Biryani Blues,Biryani,4.3,Chicken Biryani,Main Course,3.0,220.0,660.0,Delivered,Debit Card,Paid,Vikram Das,Scooter,3.2,26.0,5.0,
ORD10155,2024-05-12 17:49:00,CUST2015,Myra Sharma,Male,60.0,Hyderabad,Banjara Hills,R013,Sweet Tooth,Desserts,4.6,Brownie,Desserts,3.0,130.0,390.0,Delivered,UPI,Paid,Vikram Das,Bicycle,14.9,68.0,,4.0
ORD10156,2024-03-21 00:00:00,CUST2113,,Female,23.0,Delhi,Saket,R013,Sweet Tooth,Desserts,4.6,Gulab Jamun,Desserts,2.0,90.0,180.0,Returned,Wallet,Refunded,Suresh Kumar,E-Bike,3.2,19.0,,
ORD10157,2024-12-02 00:00:00,CUST2114,Gita Patel,Female,56.0,Chennai,Anna Nagar,R006,South Spice,South Indian,4.5,Uttapam,Breakfast,3.0,100.0,300.0,Delivered,Wallet,Paid,Meera Bose,Bike,2.7,22.0,3.0,4.0
ORD10158,2024-07-19 05:51:00,CUST2115,Aarohi Reddy,Male,38.0,Kolkata,Park Street,R013,Sweet Tooth,Desserts,4.6,Brownie,Desserts,4.0,130.0,520.0,Delivered,Credit Card,Paid,Lakshmi Verma,E-Bike,7.2,48.0,3.0,5.0
ORD10159,2024-04-14 06:56:00,CUST2116,Vikram Bose,Female,38.0,Chennai,T Nagar,R014,Healthy Bites,Salads,4.2,Quinoa Salad,Salads,1.0,210.0,210.0,Returned,Cash on Delivery,Refunded,Vivaan Singh,E-Bike,3.9,24.0,,
ORD10160,2024-06-26 00:00:00,CUST2117,Amit Malhotra,Female,54.0,Hyderabad,Secunderabad,R014,Healthy Bites,Salads,4.2,Fruit Bowl,Salads,3.0,120.0,360.0,Returned,UPI,Refunded,Kavya Mukherjee,E-Bike,1.0,11.0,,
ORD10161,2024-01-21 00:00:00,CUST2055,Suresh Chatterjee,Male,29.0,Hyderabad,Madhapur,R012,Noodle Story,Chinese,3.7,Veg Noodles,Noodles,3.0,,480.0,Cancelled,Debit Card,Refunded,Aarav Reddy,Scooter,2.0,21.0,,
ORD10162,2024-11-30 02:57:00,CUST2118,Myra Chatterjee,Female,59.0,Bangalore,Electronic City,R002,Pizza Palace,Italian,4.1,Margherita Pizza,Pizza,2.0,250.0,500.0,Delivered,UPI,Paid,Manoj Nair,Bicycle,8.2,41.0,4.0,3.0
ORD10163,2024-07-25 00:41:00,CUST2119,Deepak Iyer,Male,32.0,Delhi,Saket,R012,Noodle Story,Chinese,3.7,Veg Noodles,Noodles,1.0,160.0,160.0,Delivered,Debit Card,Paid,Aarohi Patel,E-Bike,11.8,65.0,4.0,3.0
ORD10164,2024-05-16 00:00:00,CUST2120,Sanjay Menon,Male,31.0,Pune,Viman Nagar,R015,Chaat Corner,Street Food,4.0,Bhel Puri,Street Food,5.0,,350.0,Returned,Cash on Delivery,Refunded,Vivaan Singh,Bike,2.8,22.0,,
ORD10165,2024-07-09 22:44:00,CUST2121,Ishaan Singh,Female,35.0,Pune,Kothrud,R004,Punjabi Tadka,North Indian,4.4,Dal Makhani,Main Course,5.0,180.0,900.0,Delivered,Wallet,Paid,Nikhil Malhotra,Scooter,3.7,,,4.0
ORD10166,2024-11-30 07:22:00,CUST2115,Aarohi Reddy,Male,38.0,,Park Street,R008,Taco Fiesta,Mexican,3.8,Nachos,Starters,1.0,180.0,180.0,Cancelled,Cash on Delivery,Refunded,Meera Bose,Bike,14.8,85.0,,
ORD10167,2024-09-01 00:00:00,CUST2122,Priya Malhotra,Female,29.0,Kolkata,Ballygunge,R013,Sweet Tooth,Desserts,4.6,Gulab Jamun,Desserts,1.0,90.0,90.0,Delivered,UPI,Paid,Sai Iyer,Bicycle,1.4,17.0,5.0,4.0
ORD10168,2024-04-30 10:59:00,CUST2123,Pooja Pillai,Female,23.0,Pune,Kharadi,R009,The Bakers Oven,Bakery,4.0,Cupcake,Desserts,2.0,80.0,160.0,Delivered,UPI,Paid,Vivaan Singh,Bicycle,14.6,63.0,5.0,3.0
ORD10169,2024-07-19 00:00:00,CUST2124,Vihaan Singh,Male,23.0,Delhi,Saket,R008,Taco Fiesta,Mexican,3.8,Burrito Bowl,Main Course,5.0,240.0,1200.0,Delivered,,Paid,Kavya Mukherjee,Bike,10.9,60.0,4.0,5.0
ORD10170,2024-07-17 00:00:00,CUST2125,Ananya Menon,Female,26.0,Pune,Hinjewadi,R012,Noodle Story,Chinese,3.7,Veg Noodles,Noodles,1.0,160.0,160.0,Delivered,Cash on Delivery,Paid,Meera Bose,Bike,4.5,35.0,5.0,
ORD10171,2024-07-02 00:00:00,CUST2126,Anil Rao,Female,41.0,Hyderabad,Banjara Hills,R013,Sweet Tooth,Desserts,4.6,Gulab Jamun,Desserts,5.0,90.0,450.0,Returned,UPI,Refunded,Meera Bose,Bike,1.4,14.0,,
ORD10172,2024-01-18 00:00:00,CUST2127,Diya Verma,Male,53.0,Kolkata,Ballygunge,R004,Punjabi Tadka,North Indian,4.4,Paneer Tikka,Starters,2.0,220.0,440.0,Delivered,Debit Card,Paid,Vivaan Singh,Scooter,2.5,17.0,4.0,5.0
ORD10173,2024-11-10 00:00:00,CUST2128,Vikram Kumar,Male,,,Andheri,R009,The Bakers Oven,Bakery,4.0,Croissant,Bakery,1.0,90.0,90.0,Delivered,Credit Card,Paid,Manoj Nair,Scooter,11.3,53.0,5.0,
ORD10174,2024-03-10 09:04:00,CUST2129,Rohan Sharma,Male,44.0,Bangalore,Indiranagar,R009,The Bakers Oven,Bakery,,Croissant,Bakery,1.0,90.0,90.0,Delivered,UPI,Paid,Pooja Gupta,Bike,3.7,29.0,3.0,4.0
ORD10175,2024-08-17 20:52:00,CUST2012,Aditya Sharma,Female,39.0,Kolkata,Park Street,R015,Chaat Corner,Street Food,4.0,Vada Pav,Street Food,4.0,50.0,200.0,Returned,Debit Card,Refunded,Vivaan Singh,Bike,8.0,47.0,,
ORD10176,2024-11-02 00:48:00,CUST2130,Ishaan Singh,Female,36.0,Mumbai,Powai,R015,Chaat Corner,Street Food,4.0,Bhel Puri,Street Food,3.0,70.0,210.0,Delivered,Cash on Delivery,Paid,Reyansh Sharma,Bike,14.2,66.0,3.0,4.0
ORD10177,2024-01-16 00:00:00,CUST2120,Sanjay Menon,Male,31.0,Pune,Hinjewadi,R007,Sushi Yama,Japanese,4.2,California Roll,Sushi,5.0,320.0,1600.0,Delivered,Credit Card,Paid,Pooja Gupta,E-Bike,4.6,23.0,4.0,5.0
ORD10178,2024-10-17 00:00:00,CUST2084,Aarohi Verma,Male,60.0,Chennai,Anna Nagar,R002,Pizza Palace,Italian,4.1,Pasta Alfredo,Pasta,2.0,240.0,480.0,Delivered,Cash on Delivery,Paid,Pooja Gupta,Scooter,12.4,62.0,5.0,5.0
ORD10179,2024-03-17 19:10:00,CUST2131,Vikram Nair,Male,26.0,Bangalore,Koramangala,R001,Biryani Blues,Biryani,4.3,Chicken Biryani,Main Course,2.0,220.0,440.0,Cancelled,Cash on Delivery,Failed,Vivaan Singh,Scooter,13.8,65.0,,
ORD10180,2024-04-18 16:26:00,CUST2132,,Female,39.0,Bangalore,Koramangala,R008,Taco Fiesta,Mexican,3.8,Chicken Tacos,Main Course,2.0,210.0,420.0,Delivered,Cash on Delivery,Paid,Anika Kapoor,Bike,6.2,35.0,,
ORD10181,2024-09-01 00:00:00,CUST2133,Aditya Desai,Male,57.0,Chennai,Anna Nagar,R011,Curry House,North Indian,4.1,Paneer Tikka,Starters,4.0,220.0,880.0,Delivered,Wallet,Paid,Krishna Chatterjee,Bike,4.8,25.0,5.0,
ORD10182,2024-11-10 00:00:00,CUST2134,Sneha Menon,Male,48.0,Chennai,Adyar,R006,South Spice,South Indian,4.5,Uttapam,Breakfast,5.0,100.0,500.0,Delivered,Cash on Delivery,Paid,Myra Pillai,Bike,5.3,34.0,4.0,3.0
ORD10183,2024-08-18 00:00:00,CUST2135,Manoj Singh,Female,28.0,Bangalore,Indiranagar,R011,Curry House,North Indian,4.1,Butter Chicken,Main Course,3.0,260.0,780.0,Delivered,UPI,Paid,Manoj Nair,E-Bike,5.8,43.0,4.0,4.0
ORD10184,2024-07-04 00:00:00,CUST2136,Manoj Sharma,Female,40.0,Chennai,OMR,R003,Dragon Wok,Chinese,4.0,Spring Rolls,Starters,2.0,140.0,280.0,Delivered,Wallet,Paid,Myra Pillai,E-Bike,1.3,15.0,3.0,5.0
ORD10185,2024-09-30 14:46:00,CUST2052,Krishna Chatterjee,Female,40.0,Kolkata,Park Street,R006,South Spice,South Indian,4.5,Uttapam,Breakfast,2.0,100.0,200.0,Delivered,,Paid,Aarohi Patel,Bicycle,11.8,74.0,3.0,4.0
ORD10186,2024-04-29 03:47:00,CUST2137,Manoj Nair,Female,39.0,Mumbai,Powai,R003,Dragon Wok,Chinese,4.0,Veg Noodles,Noodles,4.0,160.0,640.0,Returned,Cash on Delivery,Refunded,Myra Pillai,Scooter,4.0,25.0,,
ORD10187,2024-05-08 00:00:00,CUST2138,Ishaan Rao,Female,18.0,Pune,Kharadi,R007,Sushi Yama,Japanese,4.2,Miso Soup,Starters,1.0,150.0,150.0,Cancelled,Wallet,Failed,Suresh Kumar,Bicycle,9.9,46.0,,
ORD10188,2024-05-29 00:00:00,CUST2139,Neha Das,,28.0,Pune,Kothrud,R014,Healthy Bites,Salads,,Quinoa Salad,Salads,3.0,,630.0,Delivered,,Paid,Ishaan Joshi,Bicycle,10.6,57.0,3.0,3.0
ORD10189,,CUST2140,Ananya Chatterjee,Female,49.0,Delhi,Rohini,R009,The Bakers Oven,Bakery,,Croissant,Bakery,1.0,90.0,90.0,Delivered,Wallet,Paid,Myra Pillai,E-Bike,1.8,17.0,4.0,4.0
ORD10190,2024-02-03 00:00:00,CUST2044,Myra Desai,Female,40.0,Hyderabad,Kukatpally,R003,Dragon Wok,Chinese,4.0,Spring Rolls,Starters,1.0,140.0,140.0,Delivered,UPI,Paid,Suresh Kumar,E-Bike,10.8,58.0,5.0,5.0
ORD10191,2024-11-22 04:00:00,CUST2085,Deepak Gupta,Female,,Mumbai,,R004,Punjabi Tadka,North Indian,4.4,Paneer Tikka,Starters,5.0,220.0,1100.0,Returned,Wallet,Refunded,Pooja Gupta,Scooter,4.2,25.0,,
ORD10192,2024-10-31 19:34:00,CUST2141,Priya Sharma,Male,45.0,,Whitefield,R014,Healthy Bites,Salads,4.2,Quinoa Salad,Salads,5.0,210.0,1050.0,Delivered,Credit Card,Paid,Nikhil Malhotra,Bicycle,3.2,18.0,3.0,4.0
ORD10193,2024-02-28 00:00:00,CUST2142,Anika Iyer,Female,,Chennai,Adyar,R003,Dragon Wok,Chinese,4.0,Chicken Manchurian,Main Course,4.0,210.0,840.0,Delivered,Credit Card,Paid,Krishna Chatterjee,Scooter,7.0,41.0,5.0,3.0
ORD10194,2024-07-13 23:55:00,CUST2143,Sai Menon,Male,52.0,Delhi,Karol Bagh,R004,Punjabi Tadka,North Indian,4.4,Dal Makhani,Main Course,1.0,180.0,180.0,Delivered,Wallet,Paid,Vikram Das,E-Bike,8.9,43.0,5.0,3.0
ORD10195,2024-12-19 17:18:00,CUST2144,Krishna Mukherjee,Male,,Hyderabad,Madhapur,R013,Sweet Tooth,Desserts,4.6,Gulab Jamun,Desserts,2.0,90.0,180.0,Delivered,Cash on Delivery,Paid,,Bicycle,15.0,84.0,4.0,4.0
ORD10196,2024-06-08 12:35:00,CUST2145,Sai Pillai,Male,53.0,Delhi,Karol Bagh,R006,South Spice,South Indian,,Idli Sambar,Breakfast,5.0,70.0,350.0,Delivered,UPI,Paid,Kavya Mukherjee,E-Bike,2.9,24.0,3.0,3.0
ORD10197,2024-02-06 17:03:00,CUST2146,Gita Menon,,44.0,Mumbai,Dadar,R011,Curry House,North Indian,4.1,Paneer Tikka,Starters,5.0,220.0,1100.0,Delivered,Cash on Delivery,Paid,Myra Pillai,Scooter,,42.0,5.0,3.0
ORD10198,2024-10-10 00:54:00,CUST2147,Aarohi Verma,Female,48.0,Mumbai,Powai,R001,Biryani Blues,Biryani,4.3,Mutton Biryani,Main Course,3.0,280.0,840.0,Delivered,Debit Card,Paid,Kavya Mukherjee,Bicycle,2.7,24.0,4.0,4.0
ORD10199,2024-12-01 05:48:00,CUST2148,Aadhya Mukherjee,Male,,Kolkata,Ballygunge,R012,Noodle Story,Chinese,3.7,Chicken Manchurian,Main Course,5.0,210.0,1050.0,Delivered,UPI,Paid,Vivaan Singh,Scooter,10.9,59.0,5.0,
ORD10200,2024-03-04 23:01:00,CUST2052,Krishna Chatterjee,Female,40.0,Kolkata,Salt Lake,R004,Punjabi Tadka,North Indian,4.4,Butter Chicken,Main Course,4.0,260.0,1040.0,Delivered,Debit Card,Paid,Sai Iyer,Scooter,12.5,67.0,3.0,3.0
ORD10201,2024-03-24 00:00:00,CUST2149,Diya Bose,Female,55.0,Chennai,Velachery,R006,South Spice,South Indian,4.5,Masala Dosa,Breakfast,3.0,90.0,270.0,Returned,UPI,Refunded,Nikhil Malhotra,E-Bike,1.5,20.0,,
ORD10202,2024-12-13 00:00:00,CUST2150,Saanvi Patel,,59.0,Delhi,Karol Bagh,R001,Biryani Blues,Biryani,4.3,Veg Biryani,Main Course,1.0,180.0,180.0,Delivered,Credit Card,Paid,Suresh Kumar,Bike,4.0,33.0,4.0,5.0
ORD10203,2024-01-25 19:00:00,CUST2151,Vikram Patel,Female,31.0,Delhi,Rohini,R011,Curry House,North Indian,4.1,Dal Makhani,Main Course,5.0,180.0,900.0,Delivered,Wallet,Paid,Nikhil Malhotra,Scooter,8.8,49.0,3.0,5.0
ORD10204,2024-10-04 18:01:00,CUST2152,Nikhil Das,Female,35.0,Mumbai,Powai,R004,Punjabi Tadka,North Indian,4.4,Butter Chicken,Main Course,5.0,260.0,1300.0,Cancelled,UPI,Failed,Ravi Rao,Bicycle,11.0,67.0,,
ORD10205,2024-11-03 08:18:00,CUST2153,Sneha Verma,Female,55.0,Pune,Kharadi,R014,Healthy Bites,Salads,4.2,Caesar Salad,Salads,3.0,180.0,540.0,Returned,Credit Card,Refunded,Aarav Reddy,Scooter,,80.0,,
ORD10206,2024-10-12 00:00:00,CUST2121,Ishaan Singh,Female,35.0,,Viman Nagar,R012,Noodle Story,Chinese,3.7,Chicken Manchurian,Main Course,5.0,210.0,1050.0,Cancelled,Debit Card,Refunded,Reyansh Sharma,Scooter,4.0,30.0,,
ORD10207,2024-01-21 00:00:00,CUST2154,Manoj Kumar,Female,47.0,Kolkata,Salt Lake,R008,Taco Fiesta,Mexican,3.8,Chicken Tacos,Main Course,5.0,210.0,1050.0,Delivered,Wallet,Paid,Anika Kapoor,Bicycle,7.9,50.0,4.0,5.0
ORD10208,2024-04-16 05:27:00,CUST2155,Ishaan Gupta,Male,39.0,,Karol Bagh,R015,Chaat Corner,Street Food,4.0,Bhel Puri,Street Food,2.0,70.0,140.0,Delivered,,Paid,Anika Kapoor,Scooter,9.8,49.0,3.0,5.0
ORD10209,2024-10-10 00:00:00,CUST2044,Myra Desai,,40.0,Hyderabad,Secunderabad,R013,Sweet Tooth,Desserts,4.6,Gulab Jamun,Desserts,4.0,90.0,360.0,Delivered,Credit Card,Paid,Lakshmi Verma,E-Bike,6.9,35.0,5.0,4.0
ORD10210,2024-11-15 22:46:00,CUST2156,Rahul Kapoor,Male,30.0,Bangalore,Electronic City,R001,Biryani Blues,Biryani,4.3,Veg Biryani,Main Course,2.0,180.0,360.0,Cancelled,Debit Card,Failed,Aarohi Patel,Bike,,35.0,,
ORD10211,2024-08-01 10:15:00,CUST2075,Sai Patel,Female,30.0,Pune,Baner,R012,Noodle Story,Chinese,3.7,Spring Rolls,Starters,5.0,140.0,700.0,Delivered,Debit Card,Paid,Aarohi Patel,Scooter,14.9,79.0,4.0,5.0
ORD10212,2024-08-18 00:00:00,CUST2034,Riya Verma,Female,32.0,Mumbai,Bandra,R012,Noodle Story,Chinese,3.7,Veg Noodles,Noodles,5.0,160.0,800.0,Delivered,Credit Card,Paid,Aarav Reddy,Bike,6.1,41.0,5.0,3.0
ORD10213,2024-08-23 04:55:00,CUST2157,Vivaan Verma,Male,25.0,Delhi,Connaught Place,R007,Sushi Yama,Japanese,4.2,California Roll,Sushi,5.0,320.0,1600.0,Delivered,Cash on Delivery,Paid,Ishaan Joshi,Bike,5.1,36.0,4.0,5.0
ORD10214,2024-07-31 00:00:00,CUST2158,Reyansh Kapoor,Female,57.0,Bangalore,Whitefield,R002,Pizza Palace,Italian,4.1,Margherita Pizza,Pizza,4.0,250.0,1000.0,Cancelled,Wallet,Refunded,Sai Iyer,Bicycle,5.9,32.0,,
ORD10215,2024-04-24 00:00:00,CUST2159,Deepak Das,Male,33.0,Bangalore,Koramangala,R011,Curry House,North Indian,4.1,Butter Chicken,Main Course,1.0,260.0,260.0,Delivered,Cash on Delivery,Paid,Vivaan Singh,Bike,11.1,48.0,4.0,5.0
ORD10216,2024-07-05 15:20:00,CUST2013,Manoj Malhotra,Female,27.0,Delhi,Saket,R014,Healthy Bites,Salads,4.2,Caesar Salad,Salads,1.0,180.0,180.0,Delivered,Debit Card,Paid,Lakshmi Verma,Bike,2.1,15.0,4.0,4.0
ORD10217,2024-09-27 08:46:00,CUST2160,Kiran Patel,Female,,Mumbai,Powai,R003,Dragon Wok,Chinese,4.0,Veg Noodles,Noodles,4.0,160.0,640.0,Delivered,Cash on Delivery,Paid,Aditya Menon,E-Bike,12.2,71.0,3.0,4.0
ORD10218,2024-12-23 10:43:00,CUST2161,,Male,55.0,Delhi,Karol Bagh,R011,Curry House,North Indian,4.1,Paneer Tikka,Starters,2.0,220.0,440.0,Delivered,Cash on Delivery,Paid,Suresh Kumar,Bike,13.0,80.0,4.0,5.0
ORD10219,2024-09-14 00:00:00,CUST2162,Sanjay Verma,Female,22.0,Mumbai,Powai,R001,Biryani Blues,Biryani,4.3,Veg Biryani,Main Course,5.0,180.0,900.0,Returned,Wallet,Refunded,Ravi Rao,Bike,6.9,43.0,,
ORD10220,2024-01-08 18:59:00,CUST2163,Rohan Malhotra,Female,57.0,Bangalore,Koramangala,R011,Curry House,North Indian,4.1,Butter Chicken,Main Course,5.0,260.0,1300.0,Delivered,Cash on Delivery,Paid,Vivaan Singh,E-Bike,5.4,30.0,5.0,4.0
ORD10221,2024-03-11 11:57:00,CUST2164,Aarohi Iyer,,47.0,Delhi,Karol Bagh,R008,Taco Fiesta,Mexican,3.8,Chicken Tacos,Main Course,4.0,210.0,,Delivered,Debit Card,Paid,Anika Kapoor,Bike,2.3,20.0,,3.0
ORD10222,2024-07-02 20:10:00,CUST2165,,Female,31.0,Pune,Baner,R006,South Spice,South Indian,4.5,Idli Sambar,Breakfast,1.0,70.0,70.0,Cancelled,Cash on Delivery,Failed,Vikram Das,E-Bike,,56.0,,
ORD10223,2024-02-11 00:00:00,CUST2166,Aarav Das,Male,40.0,Kolkata,Howrah,R009,The Bakers Oven,Bakery,4.0,Cupcake,Desserts,3.0,80.0,240.0,Returned,UPI,Refunded,Myra Pillai,E-Bike,2.8,26.0,,
ORD10224,2024-06-26 00:00:00,CUST2051,Rahul Chatterjee,Male,38.0,Pune,Viman Nagar,R002,Pizza Palace,Italian,,Pepperoni Pizza,Pizza,2.0,320.0,640.0,Delivered,Credit Card,Paid,Kavya Mukherjee,E-Bike,1.5,18.0,3.0,5.0
ORD10225,2024-12-08 00:00:00,CUST2167,Suresh Sharma,Male,51.0,Pune,Kothrud,R009,The Bakers Oven,Bakery,4.0,Croissant,Bakery,5.0,90.0,450.0,Delivered,Wallet,Paid,Manoj Nair,Bicycle,11.2,50.0,5.0,5.0
ORD10226,2024-10-13 00:00:00,CUST2168,Divya Desai,Female,33.0,Mumbai,Dadar,R006,South Spice,South Indian,4.5,Idli Sambar,Breakfast,4.0,70.0,280.0,Cancelled,Credit Card,Failed,Suresh Kumar,Scooter,12.8,66.0,,
ORD10227,2024-10-02 00:00:00,CUST2169,Aadhya Gupta,Male,57.0,Pune,Hinjewadi,R011,Curry House,North Indian,4.1,Paneer Tikka,Starters,2.0,220.0,440.0,Returned,Credit Card,Refunded,Kavya Mukherjee,Scooter,8.8,55.0,,
ORD10228,2024-01-25 02:11:00,CUST2170,Pooja Sharma,Female,51.0,Bangalore,Koramangala,R007,Sushi Yama,Japanese,4.2,California Roll,Sushi,1.0,320.0,320.0,Returned,,Refunded,Sai Iyer,Bicycle,14.8,78.0,,
ORD10229,2024-10-06 18:40:00,CUST2171,Saanvi Malhotra,Female,,Mumbai,Dadar,R002,Pizza Palace,Italian,4.1,Pasta Alfredo,Pasta,5.0,240.0,1200.0,Cancelled,Wallet,Failed,Reyansh Sharma,Scooter,10.6,46.0,,
ORD10230,2024-08-03 11:53:00,CUST2172,Sunita Verma,Female,18.0,Pune,Hinjewadi,R004,Punjabi Tadka,North Indian,4.4,Dal Makhani,Main Course,4.0,180.0,720.0,Cancelled,,Refunded,Ishaan Joshi,Scooter,7.2,45.0,,
ORD10231,2024-01-20 00:00:00,CUST2173,Sneha Verma,Male,45.0,Mumbai,Malad,R005,Burger Point,Fast Food,3.9,Cheese Burger,Burger,2.0,130.0,260.0,Delivered,Debit Card,Paid,Ravi Rao,E-Bike,,48.0,4.0,5.0
ORD10232,2024-05-15 16:40:00,CUST2174,Suresh Joshi,Female,53.0,,Andheri,R013,Sweet Tooth,Desserts,4.6,Brownie,Desserts,,130.0,390.0,Delivered,Credit Card,Paid,Meera Bose,Bike,12.0,56.0,5.0,3.0
ORD10233,2024-09-06 00:00:00,CUST2055,Suresh Chatterjee,Male,29.0,Hyderabad,Banjara Hills,R006,South Spice,South Indian,4.5,Idli Sambar,Breakfast,3.0,70.0,210.0,Cancelled,Wallet,Failed,Vikram Das,Bike,2.4,17.0,,
ORD10234,2024-04-25 00:00:00,CUST2175,Aditya Das,Male,42.0,Kolkata,Salt Lake,R007,Sushi Yama,Japanese,4.2,Chicken Ramen,Main Course,5.0,280.0,1400.0,Returned,Debit Card,Refunded,Meera Bose,Scooter,8.1,46.0,,
ORD10235,2024-10-17 01:31:00,CUST2176,Rahul Kapoor,Male,23.0,Bangalore,Indiranagar,R013,Sweet Tooth,Desserts,4.6,Brownie,Desserts,5.0,130.0,650.0,Delivered,UPI,Paid,Ishaan Joshi,E-Bike,12.7,62.0,,3.0
ORD10236,2024-09-18 11:35:00,CUST2177,Vikram Das,Male,20.0,Bangalore,Koramangala,R001,Biryani Blues,Biryani,4.3,Chicken Biryani,Main Course,3.0,220.0,660.0,Delivered,UPI,Paid,Sai Iyer,E-Bike,6.3,39.0,3.0,5.0
ORD10237,2024-05-28 00:00:00,CUST2002,Sneha Patel,Male,47.0,Pune,Kharadi,R002,Pizza Palace,Italian,4.1,Pasta Alfredo,Pasta,5.0,240.0,1200.0,Delivered,UPI,Paid,Meera Bose,Bike,4.9,34.0,4.0,5.0
ORD10238,2024-08-19 17:13:00,CUST2178,Deepak Rao,Male,52.0,Hyderabad,Madhapur,R012,Noodle Story,Chinese,3.7,Chicken Manchurian,Main Course,5.0,210.0,1050.0,Delivered,Credit Card,Paid,Aarav Reddy,Bike,8.7,46.0,3.0,5.0
ORD10239,2024-11-26 00:00:00,CUST2179,Meera Gupta,Male,40.0,Hyderabad,Kukatpally,R015,Chaat Corner,Street Food,4.0,Vada Pav,Street Food,5.0,,250.0,Cancelled,Credit Card,Refunded,Reyansh Sharma,Scooter,3.6,26.0,,
ORD10240,2024-08-02 20:29:00,CUST2141,Priya Sharma,Male,45.0,Bangalore,HSR Layout,R011,Curry House,North Indian,4.1,Dal Makhani,Main Course,1.0,180.0,180.0,Delivered,UPI,Paid,Kavya Mukherjee,Bicycle,11.1,57.0,4.0,4.0
ORD10241,2024-01-02 00:00:00,CUST2018,Riya Kapoor,Male,60.0,Pune,Viman Nagar,R006,South Spice,South Indian,4.5,Idli Sambar,Breakfast,4.0,70.0,280.0,Delivered,Wallet,Paid,Manoj Nair,Bicycle,8.8,45.0,5.0,4.0
ORD10242,2024-03-17 06:52:00,CUST2180,Pooja Patel,Male,41.0,Hyderabad,Banjara Hills,R015,Chaat Corner,Street Food,4.0,Bhel Puri,Street Food,4.0,70.0,280.0,Delivered,Debit Card,Paid,Anika Kapoor,Bike,,28.0,4.0,5.0
ORD10243,,CUST2161,Reyansh Chatterjee,Male,55.0,Delhi,,R012,Noodle Story,Chinese,3.7,Veg Noodles,Noodles,1.0,160.0,160.0,Delivered,UPI,Paid,Manoj Nair,Bicycle,13.7,73.0,5.0,
ORD10244,2024-10-21 01:40:00,CUST2181,Karthik Singh,Female,55.0,Pune,Hinjewadi,R003,Dragon Wok,Chinese,4.0,Chicken Manchurian,Main Course,5.0,210.0,1050.0,Delivered,UPI,Paid,Aarav Reddy,Bike,10.2,66.0,5.0,4.0
ORD10245,2024-12-18 12:37:00,CUST2182,Ananya Rao,,54.0,Chennai,Anna Nagar,R012,Noodle Story,Chinese,3.7,Spring Rolls,Starters,4.0,140.0,560.0,Delivered,UPI,Paid,Anika Kapoor,Bicycle,1.7,12.0,4.0,5.0
ORD10246,2024-12-14 20:04:00,CUST2183,Deepak Mukherjee,Female,20.0,Bangalore,Electronic City,R006,South Spice,South Indian,4.5,Masala Dosa,Breakfast,5.0,90.0,450.0,Returned,Debit Card,Refunded,,Bicycle,6.1,36.0,,
ORD10247,2024-02-28 00:00:00,CUST2184,Sneha Singh,Female,51.0,Delhi,Rohini,R014,Healthy Bites,Salads,4.2,Fruit Bowl,Salads,4.0,120.0,480.0,Delivered,,Paid,Meera Bose,Bicycle,7.0,37.0,4.0,4.0
ORD10248,,CUST2093,Aarohi Gupta,Male,22.0,Bangalore,Jayanagar,R012,Noodle Story,Chinese,3.7,Veg Noodles,Noodles,2.0,160.0,320.0,Delivered,Debit Card,Paid,Anika Kapoor,E-Bike,7.6,47.0,5.0,3.0
ORD10249,2024-04-09 00:00:00,CUST2147,Aarohi Verma,Female,48.0,Mumbai,Malad,R003,Dragon Wok,Chinese,4.0,Veg Noodles,Noodles,5.0,160.0,800.0,Delivered,Wallet,Paid,Krishna Chatterjee,Bicycle,4.5,31.0,5.0,5.0
ORD10250,2024-09-13 04:22:00,CUST2170,,Female,51.0,Bangalore,Whitefield,R002,Pizza Palace,Italian,4.1,Margherita Pizza,Pizza,4.0,250.0,1000.0,Delivered,Cash on Delivery,Paid,Myra Pillai,Bicycle,12.6,72.0,4.0,5.0
ORD10251,2024-12-16 03:35:00,CUST2185,Amit Mukherjee,Male,56.0,Chennai,T Nagar,R004,Punjabi Tadka,North Indian,4.4,Paneer Tikka,Starters,4.0,220.0,880.0,Cancelled,UPI,Refunded,Ishaan Joshi,E-Bike,12.5,65.0,,
ORD10252,2024-02-11 15:11:00,CUST2186,Gita Kapoor,Male,25.0,Bangalore,HSR Layout,R011,Curry House,North Indian,4.1,Butter Chicken,Main Course,5.0,260.0,1300.0,Delivered,UPI,Paid,Meera Bose,E-Bike,6.1,32.0,4.0,5.0
ORD10253,2024-07-20 00:00:00,CUST2187,Manoj Joshi,Female,24.0,Delhi,Dwarka,R005,Burger Point,Fast Food,,French Fries,Sides,2.0,90.0,180.0,Delivered,Debit Card,Paid,Sai Iyer,Bicycle,0.9,9.0,5.0,3.0
ORD10254,2024-09-21 07:42:00,CUST2168,Divya Desai,Female,33.0,Mumbai,Bandra,R012,Noodle Story,Chinese,3.7,Chicken Manchurian,Main Course,4.0,210.0,840.0,Delivered,UPI,Paid,Lakshmi Verma,Scooter,4.5,31.0,5.0,4.0
ORD10255,2024-06-22 10:33:00,CUST2188,Divya Malhotra,Male,53.0,Delhi,Dwarka,R006,South Spice,South Indian,4.5,Uttapam,Breakfast,5.0,100.0,500.0,Delivered,Debit Card,Paid,Manoj Nair,Scooter,11.8,57.0,3.0,4.0
ORD10256,2024-08-21 02:41:00,CUST2189,Reyansh Gupta,Male,50.0,Delhi,Rohini,R013,Sweet Tooth,Desserts,,Brownie,Desserts,5.0,130.0,650.0,Returned,UPI,Refunded,,Bike,12.2,72.0,,
ORD10257,2024-03-19 08:02:00,CUST2190,Anika Singh,Male,41.0,Bangalore,Jayanagar,R001,Biryani Blues,Biryani,4.3,Veg Biryani,Main Course,4.0,180.0,720.0,Delivered,Wallet,Paid,Suresh Kumar,Bike,14.2,84.0,5.0,3.0
ORD10258,2024-04-06 02:59:00,CUST2191,Aadhya Verma,Female,56.0,Chennai,OMR,R012,Noodle Story,Chinese,3.7,Veg Noodles,Noodles,5.0,160.0,800.0,Cancelled,UPI,Failed,Reyansh Sharma,Bike,14.7,61.0,,
ORD10259,2024-12-27 00:00:00,CUST2192,Karthik Joshi,Female,30.0,Chennai,T Nagar,R012,Noodle Story,Chinese,3.7,Spring Rolls,Starters,1.0,140.0,140.0,Delivered,Wallet,Paid,Vikram Das,Scooter,5.7,36.0,4.0,5.0
ORD10260,2024-06-08 00:00:00,CUST2193,Anika Rao,Male,44.0,Chennai,T Nagar,R009,The Bakers Oven,Bakery,4.0,Chocolate Cake,Desserts,5.0,350.0,1750.0,Delivered,Debit Card,Paid,Meera Bose,Scooter,13.2,78.0,5.0,5.0
ORD10261,2024-04-21 13:43:00,CUST2194,Amit Mukherjee,Male,47.0,Chennai,T Nagar,R008,Taco Fiesta,Mexican,,Chicken Tacos,Main Course,3.0,210.0,630.0,Delivered,Cash on Delivery,Paid,Reyansh Sharma,Scooter,6.7,38.0,4.0,4.0
ORD10262,2024-10-13 00:00:00,CUST2173,Sneha Verma,Male,45.0,Mumbai,Powai,R002,Pizza Palace,Italian,,Pasta Alfredo,Pasta,2.0,240.0,480.0,Delivered,Debit Card,Paid,Ishaan Joshi,Scooter,3.4,31.0,4.0,5.0
ORD10263,2024-09-19 00:00:00,CUST2189,Reyansh Gupta,Male,50.0,Delhi,Dwarka,R014,Healthy Bites,Salads,4.2,Fruit Bowl,Salads,2.0,120.0,240.0,Cancelled,Credit Card,Refunded,Suresh Kumar,Scooter,3.0,25.0,,
ORD10264,2024-02-19 19:20:00,CUST2195,Kiran Sharma,Female,,Bangalore,HSR Layout,R006,South Spice,South Indian,4.5,Uttapam,Breakfast,3.0,100.0,300.0,Delivered,,Paid,Anika Kapoor,Bicycle,14.8,86.0,4.0,5.0
ORD10265,2024-05-27 08:31:00,CUST2109,Priya Das,Male,30.0,Delhi,Connaught Place,R009,The Bakers Oven,Bakery,4.0,Chocolate Cake,Desserts,5.0,350.0,1750.0,Delivered,Cash on Delivery,Paid,Kiran Desai,Bike,10.7,59.0,3.0,4.0
ORD10266,2024-11-27 18:53:00,CUST2196,Priya Desai,Female,34.0,Hyderabad,Secunderabad,R005,Burger Point,Fast Food,3.9,Cheese Burger,Burger,3.0,130.0,390.0,Delivered,Wallet,Paid,Aarav Reddy,Bicycle,7.9,,4.0,4.0
ORD10267,2024-11-08 00:00:00,CUST2197,Diya Joshi,Female,26.0,Chennai,Anna Nagar,R014,Healthy Bites,Salads,4.2,Caesar Salad,Salads,3.0,180.0,540.0,Cancelled,Wallet,Failed,Aditya Menon,Bicycle,2.9,22.0,,
ORD10268,2024-03-24 00:00:00,CUST2108,Rahul Iyer,Female,37.0,Bangalore,HSR Layout,R003,Dragon Wok,Chinese,4.0,Spring Rolls,Starters,5.0,140.0,700.0,Delivered,Debit Card,Paid,Pooja Gupta,Scooter,8.8,49.0,4.0,3.0
ORD10269,2024-08-12 00:00:00,CUST2198,Nikhil Nair,Female,46.0,Pune,Hinjewadi,R005,Burger Point,Fast Food,3.9,French Fries,Sides,3.0,90.0,270.0,Delivered,Wallet,Paid,Aarav Reddy,Bike,6.6,39.0,5.0,
ORD10270,2024-08-10 00:00:00,CUST2199,Riya Menon,Male,38.0,Pune,Kharadi,R008,Taco Fiesta,Mexican,3.8,Burrito Bowl,Main Course,4.0,240.0,960.0,Delivered,Cash on Delivery,Paid,Kiran Desai,Bicycle,13.1,76.0,5.0,5.0
ORD10271,,CUST2200,Sai Rao,Male,39.0,Hyderabad,Banjara Hills,R006,South Spice,South Indian,4.5,Uttapam,Breakfast,3.0,100.0,300.0,Returned,Debit Card,Refunded,Sai Iyer,E-Bike,11.9,76.0,,
ORD10272,2024-11-01 05:44:00,CUST2201,Ananya Rao,Female,19.0,Hyderabad,Madhapur,R011,Curry House,North Indian,4.1,Paneer Tikka,Starters,1.0,220.0,220.0,Cancelled,Credit Card,Failed,Kavya Mukherjee,Bike,1.7,19.0,,
ORD10273,2024-09-14 00:00:00,CUST2202,Reyansh Patel,Male,57.0,Hyderabad,Gachibowli,R011,Curry House,North Indian,4.1,Paneer Tikka,Starters,3.0,220.0,660.0,Cancelled,Credit Card,Failed,Kiran Desai,Bicycle,2.7,19.0,,
ORD10274,2024-05-14 00:00:00,CUST2203,Deepak Mukherjee,Female,52.0,Mumbai,Malad,R008,Taco Fiesta,Mexican,3.8,Chicken Tacos,Main Course,5.0,210.0,1050.0,Cancelled,Wallet,Failed,Manoj Nair,E-Bike,8.2,47.0,,
ORD10275,2024-04-01 13:07:00,CUST2204,Sai Mukherjee,Male,37.0,Mumbai,Dadar,R005,Burger Point,Fast Food,3.9,Cheese Burger,Burger,3.0,130.0,390.0,Delivered,UPI,Paid,Aarav Reddy,Scooter,7.5,40.0,5.0,
ORD10276,2024-10-23 00:00:00,CUST2205,,Female,18.0,Chennai,Velachery,R004,Punjabi Tadka,North Indian,4.4,Paneer Tikka,Starters,5.0,220.0,1100.0,Delivered,Cash on Delivery,Paid,Myra Pillai,E-Bike,12.6,55.0,4.0,5.0
ORD10277,2024-01-08 00:00:00,CUST2206,Riya Malhotra,Female,35.0,Delhi,Dwarka,R014,Healthy Bites,Salads,4.2,Caesar Salad,Salads,2.0,180.0,360.0,Cancelled,Debit Card,Refunded,Kiran Desai,E-Bike,4.7,,,
ORD10278,2024-11-01 00:00:00,CUST2137,Manoj Nair,Female,39.0,Mumbai,Andheri,R003,Dragon Wok,Chinese,4.0,Veg Noodles,Noodles,3.0,160.0,480.0,Delivered,Credit Card,Paid,Nikhil Malhotra,Bicycle,2.1,14.0,5.0,4.0
ORD10279,2024-10-25 07:38:00,CUST2207,Vikram Verma,Female,39.0,Bangalore,Indiranagar,R001,Biryani Blues,Biryani,4.3,Mutton Biryani,Main Course,4.0,280.0,1120.0,Delivered,Wallet,Paid,Myra Pillai,Bicycle,13.5,62.0,3.0,
ORD10280,2024-10-16 05:20:00,CUST2208,Sanjay Singh,Female,20.0,Hyderabad,Kukatpally,R012,Noodle Story,Chinese,3.7,Veg Noodles,Noodles,5.0,160.0,800.0,Returned,Credit Card,Refunded,Aditya Menon,Scooter,14.1,66.0,,
ORD10281,2024-01-17 00:00:00,CUST2209,Anika Bose,Male,58.0,Mumbai,Bandra,R006,South Spice,South Indian,4.5,Masala Dosa,Breakfast,2.0,90.0,180.0,Delivered,Credit Card,Paid,Ravi Rao,Bike,3.2,19.0,,
ORD10282,2024-07-08 00:00:00,CUST2210,Ravi Reddy,Female,41.0,Kolkata,Salt Lake,R004,Punjabi Tadka,North Indian,4.4,Butter Chicken,Main Course,4.0,260.0,1040.0,Delivered,Wallet,Paid,Krishna Chatterjee,Bike,5.8,,3.0,
ORD10283,2024-09-27 00:00:00,CUST2143,Sai Menon,Male,52.0,Delhi,Rohini,R013,Sweet Tooth,Desserts,4.6,Ice Cream Sundae,Desserts,2.0,150.0,300.0,Delivered,Cash on Delivery,Paid,Aarohi Patel,Scooter,13.6,70.0,4.0,5.0
ORD10284,2024-10-28 00:00:00,CUST2211,Gita Menon,Male,38.0,Pune,Baner,R005,Burger Point,Fast Food,,Veg Burger,Burger,5.0,110.0,550.0,Cancelled,UPI,Refunded,Kiran Desai,Scooter,12.4,66.0,,
ORD10285,2024-12-02 21:36:00,CUST2212,Diya Sharma,Female,57.0,Kolkata,Howrah,R013,Sweet Tooth,Desserts,4.6,Brownie,Desserts,2.0,130.0,260.0,Delivered,UPI,Paid,Ishaan Joshi,E-Bike,11.7,52.0,5.0,4.0
ORD10286,2024-08-30 00:00:00,CUST2169,Aadhya Gupta,Male,57.0,Pune,Kothrud,R001,Biryani Blues,Biryani,4.3,Chicken Biryani,Main Course,2.0,220.0,440.0,Delivered,Credit Card,Paid,Anika Kapoor,Bicycle,2.2,23.0,5.0,5.0
ORD10287,2024-07-24 00:00:00,CUST2213,Vihaan Menon,Female,32.0,Chennai,T Nagar,R001,Biryani Blues,Biryani,4.3,Chicken Biryani,Main Course,4.0,220.0,880.0,Delivered,Cash on Delivery,Paid,Aarav Reddy,E-Bike,12.5,69.0,5.0,4.0
ORD10288,2024-10-17 22:59:00,CUST2019,Divya Joshi,Female,30.0,Pune,Hinjewadi,R002,Pizza Palace,Italian,4.1,Margherita Pizza,Pizza,5.0,250.0,1250.0,Delivered,UPI,Paid,Vikram Das,E-Bike,3.5,23.0,4.0,5.0
ORD10289,2024-12-28 13:02:00,CUST2214,Nikhil Joshi,Male,40.0,Pune,Baner,R012,Noodle Story,Chinese,3.7,Spring Rolls,Starters,4.0,,560.0,Delivered,Credit Card,Paid,,E-Bike,8.0,,5.0,5.0
ORD10290,2024-04-20 00:00:00,CUST2215,Sunita Das,Female,41.0,Delhi,Connaught Place,R014,Healthy Bites,Salads,4.2,Quinoa Salad,Salads,3.0,210.0,630.0,Delivered,Credit Card,Paid,Aditya Menon,Scooter,5.9,40.0,3.0,3.0
ORD10291,2024-12-11 00:00:00,CUST2216,Meera Sharma,Male,37.0,Hyderabad,Madhapur,R014,Healthy Bites,Salads,4.2,Fruit Bowl,Salads,1.0,120.0,120.0,Returned,Debit Card,Refunded,Kavya Mukherjee,Bike,7.3,35.0,,
ORD10292,2024-12-18 11:57:00,CUST2217,Anika Kumar,Male,,Chennai,Adyar,R010,Kebab Junction,Mughlai,4.3,Chicken Kebab,Starters,1.0,240.0,240.0,Returned,Debit Card,Refunded,Myra Pillai,E-Bike,12.5,71.0,,
ORD10293,2024-10-17 00:00:00,CUST2165,Ramesh Malhotra,Female,31.0,Pune,Hinjewadi,R001,Biryani Blues,Biryani,4.3,Veg Biryani,Main Course,5.0,180.0,900.0,Delivered,UPI,Paid,Ravi Rao,Scooter,13.3,72.0,,4.0
ORD10294,2024-11-08 09:45:00,CUST2218,,Male,21.0,Mumbai,Malad,R001,Biryani Blues,Biryani,4.3,Mutton Biryani,Main Course,5.0,280.0,1400.0,Delivered,Credit Card,Paid,Meera Bose,Bicycle,3.0,29.0,5.0,5.0
ORD10295,2024-05-08 05:01:00,CUST2219,Pooja Kumar,Male,43.0,Hyderabad,Madhapur,R006,South Spice,South Indian,4.5,Masala Dosa,Breakfast,4.0,90.0,360.0,Delivered,UPI,Paid,Sai Iyer,Bike,,40.0,4.0,5.0
ORD10296,2024-11-08 00:00:00,CUST2102,Reyansh Sharma,Female,23.0,Mumbai,Malad,R004,Punjabi Tadka,North Indian,4.4,Dal Makhani,Main Course,5.0,180.0,900.0,Returned,Wallet,Refunded,Reyansh Sharma,Bike,4.6,31.0,,
ORD10297,2024-11-15 00:00:00,CUST2172,Sunita Verma,Female,,Pune,Baner,R007,Sushi Yama,Japanese,,Chicken Ramen,Main Course,3.0,280.0,840.0,Cancelled,Debit Card,Failed,Suresh Kumar,Bike,11.7,53.0,,
ORD10298,2024-11-14 00:00:00,CUST2220,Kiran Reddy,Female,46.0,Bangalore,Indiranagar,R004,Punjabi Tadka,North Indian,4.4,Dal Makhani,Main Course,3.0,180.0,540.0,Cancelled,UPI,Refunded,Krishna Chatterjee,Bicycle,14.3,,,
ORD10299,2024-06-07 14:07:00,CUST2088,Anika Menon,Male,33.0,Bangalore,Electronic City,R013,Sweet Tooth,Desserts,4.6,Gulab Jamun,Desserts,3.0,90.0,270.0,Delivered,Cash on Delivery,Paid,Ravi Rao,Bicycle,11.3,54.0,4.0,5.0
ORD10300,2024-09-14 11:26:00,CUST2221,Vivaan Pillai,Male,55.0,Pune,Kharadi,R001,Biryani Blues,Biryani,4.3,Mutton Biryani,Main Course,2.0,280.0,560.0,Delivered,Debit Card,Paid,Suresh Kumar,Scooter,1.6,12.0,5.0,4.0
ORD10301,2024-12-25 00:00:00,CUST2222,Reyansh Sharma,Female,36.0,Kolkata,Ballygunge,R004,Punjabi Tadka,North Indian,4.4,Paneer Tikka,Starters,5.0,220.0,1100.0,Returned,UPI,Refunded,Anika Kapoor,Bike,3.4,24.0,,
ORD10302,2024-07-12 05:51:00,CUST2223,Aarohi Kapoor,Male,37.0,Mumbai,Dadar,R007,Sushi Yama,Japanese,4.2,Miso Soup,Starters,2.0,150.0,300.0,Delivered,Debit Card,Paid,Aarav Reddy,Scooter,4.2,32.0,3.0,4.0
ORD10303,2024-06-23 10:33:00,CUST2224,Sunita Patel,Male,32.0,Hyderabad,Banjara Hills,R015,Chaat Corner,Street Food,4.0,Bhel Puri,Street Food,2.0,70.0,140.0,Delivered,Cash on Delivery,Paid,Lakshmi Verma,Bicycle,8.9,46.0,5.0,4.0
ORD10304,2024-01-27 00:00:00,CUST2225,Ishaan Joshi,Male,52.0,Pune,Viman Nagar,R014,Healthy Bites,Salads,4.2,Caesar Salad,Salads,3.0,180.0,540.0,Returned,Wallet,Refunded,Lakshmi Verma,Bicycle,10.1,53.0,,
ORD10305,2024-04-13 00:00:00,CUST2226,Diya Das,Male,27.0,Pune,Kothrud,R013,Sweet Tooth,Desserts,4.6,Ice Cream Sundae,Desserts,4.0,150.0,600.0,Delivered,,Paid,Sai Iyer,Bicycle,11.9,51.0,5.0,5.0
ORD10306,2024-03-16 00:00:00,CUST2227,Ravi Singh,Male,32.0,Pune,Kothrud,R006,South Spice,South Indian,4.5,Masala Dosa,Breakfast,4.0,90.0,360.0,Cancelled,Wallet,Failed,Aarav Reddy,Bicycle,12.9,64.0,,
ORD10307,2024-09-07 06:35:00,CUST2105,Sunita Sharma,Male,47.0,Pune,Kothrud,R015,Chaat Corner,Street Food,4.0,Bhel Puri,Street Food,4.0,70.0,280.0,Cancelled,Credit Card,Refunded,Vivaan Singh,Bicycle,14.0,90.0,,
ORD10308,2024-01-17 11:20:00,CUST2228,Aarohi Chatterjee,Female,,Kolkata,Salt Lake,R010,Kebab Junction,Mughlai,4.3,Mutton Rogan Josh,Main Course,4.0,320.0,1280.0,Returned,Debit Card,Refunded,Suresh Kumar,Bike,8.2,49.0,,
ORD10309,2024-06-28 00:00:00,CUST2229,,Male,43.0,Pune,Kothrud,R009,The Bakers Oven,Bakery,4.0,Croissant,Bakery,5.0,90.0,450.0,Returned,UPI,Refunded,Pooja Gupta,E-Bike,6.5,39.0,,
ORD10310,2024-07-31 04:53:00,CUST2076,Vivaan Iyer,Male,20.0,Pune,Kharadi,R015,Chaat Corner,Street Food,4.0,Pani Puri,Street Food,5.0,60.0,300.0,Cancelled,Cash on Delivery,Failed,Vivaan Singh,Bike,3.4,29.0,,
ORD10311,2024-02-05 00:00:00,CUST2106,Manoj Pillai,Female,52.0,Chennai,Velachery,R008,Taco Fiesta,Mexican,3.8,Chicken Tacos,Main Course,2.0,210.0,420.0,Delivered,Wallet,Paid,Kiran Desai,Bike,4.4,35.0,4.0,3.0
ORD10312,2024-12-04 00:00:00,CUST2116,Vikram Bose,Female,38.0,Chennai,Velachery,R002,Pizza Palace,Italian,4.1,Pasta Alfredo,Pasta,4.0,240.0,960.0,Returned,Wallet,Refunded,Aditya Menon,E-Bike,1.4,13.0,,
ORD10313,2024-10-24 00:00:00,CUST2230,Ananya Reddy,Male,29.0,Kolkata,Salt Lake,R007,Sushi Yama,Japanese,4.2,Chicken Ramen,Main Course,3.0,280.0,840.0,Returned,Cash on Delivery,Refunded,Myra Pillai,Bike,13.6,78.0,,
ORD10314,2024-08-21 01:21:00,CUST2118,Myra Chatterjee,Female,59.0,Bangalore,HSR Layout,R014,Healthy Bites,Salads,4.2,Fruit Bowl,Salads,5.0,120.0,600.0,Delivered,Wallet,Paid,Reyansh Sharma,Bicycle,9.2,50.0,3.0,5.0
ORD10315,2024-09-16 00:00:00,CUST2226,Diya Das,Male,27.0,Pune,Kharadi,R005,Burger Point,Fast Food,3.9,Veg Burger,Burger,5.0,110.0,550.0,Cancelled,UPI,Refunded,Aarohi Patel,Bike,10.1,49.0,,
ORD10316,2024-11-14 00:00:00,CUST2231,Amit Iyer,,21.0,Bangalore,HSR Layout,R003,Dragon Wok,Chinese,,Veg Noodles,Noodles,3.0,160.0,480.0,Delivered,Wallet,Paid,Kiran Desai,Scooter,14.0,59.0,4.0,5.0
ORD10317,2024-12-02 00:00:00,CUST2110,Kiran Joshi,Female,23.0,Pune,Kharadi,R002,Pizza Palace,Italian,4.1,Pepperoni Pizza,Pizza,4.0,320.0,1280.0,Cancelled,UPI,Failed,Ravi Rao,E-Bike,8.2,51.0,,
ORD10318,2024-03-31 00:00:00,CUST2232,Deepak Desai,Male,36.0,Delhi,,R014,Healthy Bites,Salads,4.2,Fruit Bowl,Salads,3.0,120.0,360.0,Delivered,Wallet,Paid,Aarohi Patel,E-Bike,8.2,48.0,4.0,5.0
ORD10319,2024-08-04 19:20:00,CUST2233,Aarav Nair,Male,19.0,Delhi,Saket,R012,Noodle Story,Chinese,3.7,Veg Noodles,Noodles,5.0,,800.0,Delivered,Cash on Delivery,Paid,Ravi Rao,Scooter,8.8,47.0,4.0,4.0
ORD10320,2024-07-09 17:54:00,CUST2234,Meera Kapoor,Female,53.0,Mumbai,Andheri,R002,Pizza Palace,Italian,4.1,Pasta Alfredo,Pasta,3.0,240.0,720.0,Delivered,Cash on Delivery,Paid,Myra Pillai,Bicycle,5.5,34.0,5.0,3.0
ORD10321,2024-12-08 05:44:00,CUST2040,Amit Malhotra,Male,42.0,Mumbai,Dadar,R015,Chaat Corner,Street Food,4.0,Vada Pav,Street Food,3.0,50.0,150.0,Delivered,Cash on Delivery,Paid,Meera Bose,Scooter,8.8,53.0,,4.0
ORD10322,2024-05-02 00:00:00,CUST2235,Arjun Reddy,Female,35.0,Kolkata,Salt Lake,R006,South Spice,South Indian,4.5,Idli Sambar,Breakfast,5.0,70.0,350.0,Cancelled,Wallet,Failed,Myra Pillai,Bike,13.1,77.0,,
ORD10323,2024-10-01 16:24:00,CUST2236,Divya Iyer,Female,49.0,,Banjara Hills,R008,Taco Fiesta,Mexican,3.8,Nachos,Starters,2.0,180.0,360.0,Delivered,Debit Card,Paid,Kavya Mukherjee,Scooter,11.9,74.0,5.0,
ORD10324,2024-12-28 02:00:00,CUST2237,Aadhya Das,Male,,Pune,Kharadi,R005,Burger Point,Fast Food,3.9,French Fries,Sides,2.0,90.0,180.0,Delivered,Wallet,Paid,Ishaan Joshi,Bike,7.3,46.0,3.0,4.0
ORD10325,2024-03-18 00:00:00,CUST2218,Nikhil Pillai,Male,21.0,Mumbai,Malad,R014,Healthy Bites,Salads,4.2,Caesar Salad,Salads,3.0,180.0,540.0,Delivered,UPI,Paid,Meera Bose,Scooter,1.1,16.0,4.0,4.0
ORD10326,2024-05-16 01:12:00,CUST2071,Lakshmi Pillai,Female,53.0,Bangalore,Jayanagar,R006,South Spice,South Indian,4.5,Idli Sambar,Breakfast,1.0,70.0,70.0,Delivered,Credit Card,Paid,Sai Iyer,Bike,1.0,14.0,4.0,5.0
ORD10327,2024-03-02 10:41:00,CUST2238,Rohan Kumar,Female,54.0,Hyderabad,Madhapur,R002,Pizza Palace,Italian,4.1,Pepperoni Pizza,Pizza,5.0,320.0,1600.0,Delivered,Wallet,Paid,Krishna Chatterjee,Bicycle,1.2,,5.0,3.0
ORD10328,2024-04-30 13:03:00,CUST2239,Ravi Joshi,Male,58.0,Kolkata,Ballygunge,R010,Kebab Junction,Mughlai,4.3,Seekh Kebab,Starters,3.0,220.0,660.0,Delivered,,Paid,Kiran Desai,Bicycle,2.1,22.0,3.0,5.0
ORD10329,2024-06-28 00:00:00,CUST2240,Deepak Singh,Female,32.0,Hyderabad,Secunderabad,R005,Burger Point,Fast Food,3.9,French Fries,Sides,4.0,90.0,360.0,Cancelled,Debit Card,Failed,Kiran Desai,E-Bike,1.2,13.0,,
ORD10330,2024-06-07 08:03:00,CUST2241,,Female,54.0,Hyderabad,Secunderabad,R002,Pizza Palace,Italian,4.1,Pepperoni Pizza,Pizza,1.0,320.0,320.0,Delivered,Wallet,Paid,Pooja Gupta,E-Bike,6.5,39.0,5.0,4.0
ORD10331,2024-07-02 22:12:00,CUST2242,Saanvi Joshi,Female,45.0,,Ballygunge,R010,Kebab Junction,Mughlai,4.3,Seekh Kebab,Starters,5.0,220.0,1100.0,Returned,Credit Card,Refunded,Vivaan Singh,E-Bike,2.4,19.0,,
ORD10332,2024-09-13 00:00:00,CUST2243,Meera Pillai,Male,22.0,Chennai,T Nagar,R011,Curry House,North Indian,4.1,Dal Makhani,Main Course,4.0,180.0,720.0,Delivered,Cash on Delivery,Paid,Vivaan Singh,Bicycle,12.4,79.0,,4.0
ORD10333,2024-04-02 16:13:00,CUST2137,Manoj Nair,,39.0,Mumbai,Powai,R007,Sushi Yama,Japanese,4.2,Miso Soup,Starters,5.0,150.0,750.0,Delivered,,Paid,Ravi Rao,Scooter,8.9,55.0,5.0,4.0
ORD10334,2024-05-28 00:00:00,CUST2244,Ishaan Kumar,Female,21.0,Mumbai,Malad,R001,Biryani Blues,Biryani,4.3,Chicken Biryani,Main Course,5.0,220.0,1100.0,Delivered,UPI,Paid,Nikhil Malhotra,Bicycle,6.9,43.0,5.0,5.0
ORD10335,2024-07-08 00:00:00,CUST2245,Diya Bose,Male,26.0,Hyderabad,Secunderabad,R007,Sushi Yama,Japanese,,Chicken Ramen,Main Course,4.0,280.0,1120.0,Cancelled,Debit Card,Refunded,Aarohi Patel,Bike,1.8,18.0,,
ORD10336,2024-08-22 00:00:00,CUST2246,Sai Reddy,Male,59.0,Kolkata,Ballygunge,R014,Healthy Bites,Salads,4.2,Fruit Bowl,Salads,5.0,120.0,600.0,Delivered,Wallet,Paid,Kiran Desai,E-Bike,,46.0,4.0,5.0
ORD10337,2024-02-25 04:21:00,CUST2128,Vikram Kumar,Male,37.0,Mumbai,Bandra,R012,Noodle Story,Chinese,3.7,Spring Rolls,Starters,3.0,140.0,420.0,Delivered,Wallet,Paid,Krishna Chatterjee,Bike,8.9,49.0,5.0,3.0
ORD10338,2024-06-25 00:00:00,CUST2247,Vikram Kapoor,Female,23.0,Chennai,OMR,R002,Pizza Palace,Italian,4.1,Margherita Pizza,Pizza,4.0,250.0,1000.0,Returned,UPI,Refunded,Suresh Kumar,Bike,13.6,,,
ORD10339,2024-01-21 00:00:00,CUST2248,Anil Das,Female,44.0,Mumbai,Powai,R005,Burger Point,Fast Food,3.9,Cheese Burger,Burger,1.0,130.0,130.0,Returned,Wallet,Refunded,Manoj Nair,Scooter,1.7,14.0,,
ORD10340,2024-12-19 11:02:00,CUST2249,Kiran Sharma,Female,36.0,,Saket,R003,Dragon Wok,Chinese,4.0,Spring Rolls,Starters,1.0,140.0,140.0,Delivered,Debit Card,Paid,Suresh Kumar,Scooter,4.7,31.0,5.0,4.0
ORD10341,2024-09-13 13:51:00,CUST2250,Sanjay Menon,Male,29.0,Mumbai,Bandra,R008,Taco Fiesta,Mexican,3.8,Chicken Tacos,Main Course,5.0,210.0,1050.0,Delivered,Debit Card,Paid,Aarohi Patel,Bicycle,12.7,72.0,5.0,4.0
ORD10342,2024-03-31 00:00:00,CUST2251,,,40.0,Bangalore,Electronic City,R005,Burger Point,Fast Food,3.9,Cheese Burger,Burger,1.0,130.0,130.0,Cancelled,Cash on Delivery,Failed,Anika Kapoor,Scooter,7.6,55.0,,
ORD10343,2024-04-14 00:00:00,CUST2252,Deepak Patel,Female,27.0,Chennai,Adyar,R001,Biryani Blues,Biryani,4.3,Mutton Biryani,Main Course,4.0,280.0,1120.0,Delivered,Debit Card,Paid,Kavya Mukherjee,Scooter,14.4,77.0,4.0,4.0
ORD10344,2024-11-18 23:54:00,CUST2026,Manoj Singh,Male,24.0,Pune,Hinjewadi,R011,Curry House,North Indian,4.1,Dal Makhani,Main Course,4.0,180.0,720.0,Delivered,Credit Card,Paid,Meera Bose,Scooter,10.4,65.0,3.0,3.0
ORD10345,2024-08-20 00:00:00,CUST2106,Manoj Pillai,Female,,Chennai,T Nagar,R009,The Bakers Oven,Bakery,4.0,Chocolate Cake,Desserts,4.0,350.0,1400.0,Delivered,Credit Card,Paid,Sai Iyer,Bicycle,1.3,11.0,5.0,4.0
ORD10346,2024-04-17 00:00:00,CUST2253,Sai Desai,Male,26.0,,Karol Bagh,R013,Sweet Tooth,Desserts,4.6,Gulab Jamun,Desserts,1.0,90.0,90.0,Returned,Credit Card,Refunded,Pooja Gupta,E-Bike,10.2,46.0,,
ORD10347,2024-09-07 00:00:00,CUST2254,Anika Rao,Female,22.0,Mumbai,Andheri,R007,Sushi Yama,Japanese,4.2,Chicken Ramen,Main Course,3.0,280.0,840.0,Delivered,Debit Card,Paid,Myra Pillai,E-Bike,1.8,16.0,,4.0
ORD10348,2024-09-15 02:34:00,CUST2255,Gita Chatterjee,Male,31.0,Chennai,T Nagar,R015,Chaat Corner,Street Food,4.0,Bhel Puri,Street Food,3.0,70.0,210.0,Delivered,UPI,Paid,Vivaan Singh,Scooter,11.8,51.0,3.0,3.0
ORD10349,2024-08-08 07:05:00,CUST2256,,Male,54.0,Bangalore,,R012,Noodle Story,Chinese,3.7,Chicken Manchurian,Main Course,4.0,210.0,840.0,Delivered,Cash on Delivery,Paid,Vikram Das,Bicycle,0.8,17.0,5.0,3.0
ORD10350,2024-04-26 00:00:00,CUST2257,Amit Kumar,Female,43.0,Bangalore,Electronic City,R011,Curry House,North Indian,4.1,Butter Chicken,Main Course,3.0,260.0,780.0,Delivered,Debit Card,Paid,Kiran Desai,Scooter,10.0,43.0,5.0,4.0
ORD10351,2024-04-29 12:15:00,CUST2258,Nikhil Menon,Male,49.0,Bangalore,Electronic City,R008,Taco Fiesta,Mexican,3.8,Burrito Bowl,Main Course,2.0,240.0,480.0,Cancelled,UPI,Refunded,Nikhil Malhotra,Bicycle,7.7,38.0,,
ORD10352,2024-12-25 00:00:00,CUST2259,Vivaan Verma,Female,39.0,Bangalore,Whitefield,R013,Sweet Tooth,Desserts,4.6,Brownie,Desserts,1.0,,130.0,Delivered,UPI,Paid,Meera Bose,E-Bike,14.1,84.0,5.0,4.0
ORD10353,2024-08-25 09:02:00,CUST2073,Sunita Joshi,Female,41.0,Delhi,Connaught Place,R011,Curry House,North Indian,4.1,Butter Chicken,Main Course,4.0,260.0,1040.0,Delivered,UPI,Paid,Aarohi Patel,Bike,3.2,19.0,3.0,5.0
ORD10354,2024-02-16 21:57:00,CUST2033,Manoj Chatterjee,Female,,Chennai,T Nagar,R002,Pizza Palace,Italian,4.1,Pepperoni Pizza,Pizza,5.0,320.0,1600.0,Delivered,Credit Card,Paid,Ishaan Joshi,E-Bike,5.6,41.0,5.0,4.0
ORD10355,2024-08-02 19:46:00,CUST2260,Rahul Gupta,Male,20.0,Chennai,Anna Nagar,R006,South Spice,South Indian,4.5,Masala Dosa,Breakfast,1.0,90.0,90.0,Delivered,Credit Card,Paid,Myra Pillai,Scooter,8.7,52.0,3.0,4.0
ORD10356,2024-07-22 00:00:00,CUST2261,Ananya Sharma,Female,49.0,Bangalore,Koramangala,R001,Biryani Blues,Biryani,4.3,Chicken Biryani,Main Course,1.0,220.0,220.0,Returned,Wallet,Refunded,Lakshmi Verma,E-Bike,10.6,52.0,,
ORD10357,2024-05-20 00:00:00,CUST2262,Diya Desai,Male,20.0,Chennai,Anna Nagar,R012,Noodle Story,Chinese,3.7,Chicken Manchurian,Main Course,5.0,210.0,1050.0,Delivered,Debit Card,Paid,Lakshmi Verma,Bike,8.7,48.0,3.0,
ORD10358,2024-08-11 16:34:00,CUST2263,Vikram Gupta,Male,35.0,Bangalore,Indiranagar,R002,Pizza Palace,Italian,4.1,Margherita Pizza,Pizza,4.0,250.0,1000.0,Delivered,Credit Card,Paid,Krishna Chatterjee,Bike,10.0,50.0,4.0,5.0
ORD10359,2024-10-29 12:34:00,CUST2264,Aditya Nair,Female,21.0,Chennai,Anna Nagar,R003,Dragon Wok,Chinese,4.0,Veg Noodles,Noodles,4.0,160.0,640.0,Delivered,UPI,Paid,Reyansh Sharma,E-Bike,9.2,,4.0,4.0
ORD10360,2024-03-24 22:48:00,CUST2117,Amit Malhotra,Female,54.0,Hyderabad,Gachibowli,R004,Punjabi Tadka,North Indian,4.4,Dal Makhani,Main Course,4.0,180.0,720.0,Cancelled,Cash on Delivery,Refunded,Vivaan Singh,E-Bike,9.1,42.0,,
ORD10361,2024-11-06 10:07:00,CUST2265,Diya Pillai,Female,41.0,Hyderabad,Kukatpally,R012,Noodle Story,Chinese,3.7,Veg Noodles,Noodles,3.0,160.0,480.0,Delivered,Credit Card,Paid,Aarohi Patel,Bike,10.6,44.0,,5.0
ORD10362,2024-03-25 01:23:00,CUST2176,Rahul Kapoor,Male,23.0,Bangalore,Indiranagar,R015,Chaat Corner,Street Food,4.0,Bhel Puri,Street Food,5.0,70.0,350.0,Cancelled,Wallet,Refunded,Manoj Nair,Bicycle,2.0,20.0,,
ORD10363,2024-06-14 07:47:00,CUST2266,Kavya Sharma,Female,45.0,Pune,Viman Nagar,R004,Punjabi Tadka,North Indian,4.4,Paneer Tikka,Starters,4.0,220.0,880.0,Delivered,Credit Card,Paid,Manoj Nair,Bike,6.7,38.0,,3.0
ORD10364,2024-04-28 09:16:00,CUST2267,Reyansh Mukherjee,Female,49.0,Hyderabad,Gachibowli,R009,The Bakers Oven,Bakery,4.0,Chocolate Cake,Desserts,4.0,350.0,,Cancelled,Credit Card,Failed,Pooja Gupta,Bicycle,10.0,46.0,,
ORD10365,2024-05-29 00:00:00,CUST2236,Divya Iyer,Female,49.0,Hyderabad,Secunderabad,R012,Noodle Story,Chinese,3.7,Spring Rolls,Starters,1.0,140.0,140.0,Delivered,Cash on Delivery,Paid,Aditya Menon,Bicycle,,60.0,3.0,3.0
ORD10366,2024-02-13 02:16:00,CUST2268,Lakshmi Verma,Female,,Delhi,Rohini,R012,Noodle Story,Chinese,3.7,Spring Rolls,Starters,5.0,140.0,700.0,Delivered,Credit Card,Paid,Suresh Kumar,Scooter,11.2,54.0,4.0,3.0
ORD10367,2024-10-19 12:05:00,CUST2269,Kiran Verma,Female,41.0,Mumbai,Bandra,R011,Curry House,North Indian,,Dal Makhani,Main Course,1.0,180.0,180.0,Delivered,Credit Card,Paid,Ravi Rao,Bicycle,8.5,53.0,5.0,4.0
ORD10368,2024-08-29 00:00:00,CUST2270,Rahul Menon,Male,35.0,Chennai,Adyar,R005,Burger Point,Fast Food,3.9,Cheese Burger,Burger,1.0,130.0,130.0,Delivered,Debit Card,Paid,Anika Kapoor,Bike,7.5,47.0,4.0,5.0
ORD10369,2024-04-23 00:00:00,CUST2271,Aadhya Mukherjee,Male,23.0,Bangalore,HSR Layout,R015,Chaat Corner,Street Food,4.0,Pani Puri,Street Food,3.0,60.0,180.0,Delivered,UPI,Paid,Sai Iyer,Bike,10.7,61.0,5.0,3.0
ORD10370,2024-06-21 00:00:00,CUST2272,Deepak Menon,Male,44.0,Delhi,Saket,R005,Burger Point,Fast Food,3.9,Cheese Burger,Burger,1.0,130.0,130.0,Delivered,Credit Card,Paid,Lakshmi Verma,Scooter,10.1,61.0,,5.0
ORD10371,2024-11-03 00:00:00,CUST2273,Meera Rao,Male,34.0,Hyderabad,Kukatpally,R006,South Spice,South Indian,4.5,Idli Sambar,Breakfast,1.0,70.0,70.0,Cancelled,Debit Card,Failed,Kiran Desai,Bicycle,9.6,47.0,,
ORD10372,2024-03-04 00:00:00,CUST2274,Ananya Singh,Male,25.0,Bangalore,Whitefield,R010,Kebab Junction,Mughlai,4.3,Chicken Kebab,Starters,4.0,240.0,960.0,Delivered,Debit Card,Paid,Ishaan Joshi,Bike,10.3,62.0,5.0,5.0
ORD10373,2024-06-11 12:35:00,CUST2275,Vivaan Pillai,Male,49.0,Kolkata,Park Street,R008,Taco Fiesta,Mexican,,Nachos,Starters,2.0,180.0,360.0,Delivered,Wallet,Paid,Pooja Gupta,E-Bike,13.5,85.0,5.0,4.0
ORD10374,2024-07-23 00:00:00,CUST2276,Amit Nair,Female,48.0,Bangalore,Indiranagar,R011,Curry House,North Indian,4.1,Dal Makhani,Main Course,1.0,180.0,180.0,Delivered,UPI,Paid,Suresh Kumar,Bicycle,7.1,31.0,4.0,5.0
ORD10375,2024-02-27 00:00:00,CUST2143,Sai Menon,Male,52.0,Delhi,Dwarka,R001,Biryani Blues,Biryani,4.3,Chicken Biryani,Main Course,5.0,220.0,1100.0,Delivered,UPI,Paid,Ishaan Joshi,E-Bike,5.3,39.0,4.0,5.0
ORD10376,2024-10-09 00:00:00,CUST2277,Priya Pillai,Female,41.0,Bangalore,Whitefield,R006,South Spice,South Indian,4.5,Idli Sambar,Breakfast,3.0,70.0,210.0,Delivered,Wallet,Paid,Ishaan Joshi,E-Bike,11.3,58.0,4.0,5.0
ORD10377,2024-02-10 19:58:00,CUST2278,Manoj Desai,Male,23.0,Hyderabad,Madhapur,R005,Burger Point,Fast Food,3.9,French Fries,Sides,5.0,90.0,450.0,Delivered,UPI,Paid,Vivaan Singh,Bike,6.6,44.0,5.0,5.0
ORD10378,2024-02-18 05:24:00,CUST2279,Aadhya Rao,Male,42.0,Mumbai,Malad,R008,Taco Fiesta,Mexican,3.8,Chicken Tacos,Main Course,3.0,210.0,630.0,Delivered,Debit Card,Paid,Vikram Das,E-Bike,4.0,26.0,4.0,5.0
ORD10379,2024-05-24 00:00:00,CUST2280,Divya Rao,Female,49.0,Pune,Viman Nagar,R001,Biryani Blues,Biryani,4.3,Chicken Biryani,Main Course,3.0,220.0,,Delivered,UPI,Paid,Manoj Nair,E-Bike,8.8,57.0,5.0,3.0
ORD10380,2024-07-24 16:20:00,CUST2281,,Male,55.0,Bangalore,Indiranagar,R006,South Spice,South Indian,4.5,Idli Sambar,Breakfast,2.0,70.0,140.0,Delivered,Credit Card,Paid,Sai Iyer,Scooter,6.8,44.0,4.0,4.0
ORD10381,2024-07-20 00:00:00,CUST2282,Ramesh Gupta,,58.0,Hyderabad,Gachibowli,R010,Kebab Junction,Mughlai,4.3,Chicken Kebab,Starters,5.0,240.0,1200.0,Delivered,Debit Card,Paid,Sai Iyer,Scooter,2.2,23.0,5.0,4.0
ORD10382,2024-02-20 00:00:00,CUST2249,Kiran Sharma,Female,36.0,Delhi,Connaught Place,R006,South Spice,South Indian,4.5,Masala Dosa,Breakfast,1.0,90.0,90.0,Cancelled,Credit Card,Refunded,Ishaan Joshi,Bike,6.7,41.0,,
ORD10383,2024-02-18 16:17:00,CUST2283,Neha Kumar,Female,41.0,Hyderabad,Kukatpally,R015,Chaat Corner,Street Food,4.0,Vada Pav,Street Food,5.0,50.0,250.0,Delivered,Credit Card,Paid,Nikhil Malhotra,Bike,4.0,27.0,4.0,4.0
ORD10384,2024-02-16 04:26:00,CUST2041,Aditya Das,Male,21.0,Mumbai,Dadar,R012,Noodle Story,Chinese,3.7,Veg Noodles,Noodles,1.0,160.0,160.0,Delivered,Cash on Delivery,Paid,Krishna Chatterjee,Bicycle,2.3,21.0,3.0,5.0
ORD10385,2024-04-17 00:00:00,CUST2284,Arjun Kumar,Male,60.0,Bangalore,Koramangala,R013,Sweet Tooth,Desserts,4.6,Gulab Jamun,Desserts,5.0,90.0,450.0,Cancelled,Wallet,Refunded,Myra Pillai,Scooter,1.2,17.0,,
ORD10386,2024-08-10 16:44:00,CUST2285,Neha Rao,Female,50.0,Kolkata,Park Street,R009,The Bakers Oven,Bakery,4.0,Cupcake,Desserts,1.0,80.0,80.0,Delivered,Wallet,Paid,Meera Bose,Bicycle,11.0,66.0,5.0,3.0
ORD10387,2024-03-29 00:00:00,CUST2110,Kiran Joshi,Female,23.0,Pune,Kharadi,R014,Healthy Bites,Salads,4.2,Quinoa Salad,Salads,4.0,210.0,840.0,Delivered,Wallet,Paid,Kiran Desai,Bike,3.4,23.0,4.0,5.0
ORD10388,2024-03-28 00:00:00,CUST2286,,Female,25.0,Chennai,Anna Nagar,R008,Taco Fiesta,Mexican,3.8,Nachos,Starters,3.0,180.0,540.0,Delivered,UPI,Paid,Ravi Rao,E-Bike,2.4,20.0,4.0,5.0
ORD10389,2024-09-26 22:12:00,CUST2287,Pooja Gupta,Female,22.0,Kolkata,Ballygunge,R011,Curry House,North Indian,4.1,Paneer Tikka,Starters,2.0,220.0,440.0,Delivered,Cash on Delivery,Paid,Aditya Menon,E-Bike,8.2,45.0,5.0,5.0
ORD10390,2024-07-03 00:00:00,CUST2288,Ananya Iyer,Male,,Hyderabad,Banjara Hills,R004,Punjabi Tadka,North Indian,4.4,Dal Makhani,Main Course,4.0,180.0,720.0,Delivered,Credit Card,Paid,Anika Kapoor,Scooter,11.7,69.0,5.0,
ORD10391,2024-05-28 14:23:00,CUST2289,Suresh Kapoor,Female,35.0,Hyderabad,Kukatpally,R002,Pizza Palace,Italian,4.1,Margherita Pizza,Pizza,3.0,250.0,750.0,Delivered,Cash on Delivery,Paid,Aarohi Patel,Bike,2.2,13.0,3.0,4.0
ORD10392,2024-01-07 00:00:00,CUST2290,Rohan Kumar,Female,57.0,Chennai,T Nagar,R013,Sweet Tooth,Desserts,4.6,Gulab Jamun,Desserts,5.0,90.0,450.0,Delivered,Cash on Delivery,Paid,Pooja Gupta,E-Bike,7.8,39.0,5.0,5.0
ORD10393,2024-08-07 00:00:00,CUST2291,Pooja Nair,Male,42.0,Delhi,,R014,Healthy Bites,Salads,4.2,Fruit Bowl,Salads,4.0,120.0,480.0,Delivered,UPI,Paid,Myra Pillai,Scooter,13.4,60.0,4.0,5.0
ORD10394,2024-11-01 22:20:00,CUST2292,Sunita Malhotra,Female,54.0,Delhi,Connaught Place,R009,The Bakers Oven,Bakery,4.0,Chocolate Cake,Desserts,5.0,350.0,1750.0,Delivered,Cash on Delivery,Paid,Anika Kapoor,E-Bike,9.6,55.0,4.0,3.0
ORD10395,2024-02-02 23:42:00,CUST2293,Priya Menon,Male,55.0,Bangalore,Electronic City,R006,South Spice,South Indian,4.5,Idli Sambar,Breakfast,1.0,70.0,70.0,Delivered,Debit Card,Paid,Lakshmi Verma,Scooter,1.6,13.0,4.0,5.0
ORD10396,2024-05-31 13:52:00,CUST2294,Meera Nair,Male,39.0,Hyderabad,Gachibowli,R009,The Bakers Oven,Bakery,4.0,Croissant,Bakery,1.0,90.0,90.0,Delivered,Cash on Delivery,Paid,Sai Iyer,Bike,10.7,64.0,5.0,5.0
ORD10397,2024-01-30 00:00:00,CUST2295,Suresh Nair,Male,31.0,Mumbai,Dadar,R009,The Bakers Oven,Bakery,4.0,Cupcake,Desserts,3.0,80.0,240.0,Cancelled,Wallet,Failed,Aarav Reddy,E-Bike,,32.0,,
ORD10398,2024-06-14 20:54:00,CUST2296,Riya Patel,Male,21.0,Mumbai,Malad,R007,Sushi Yama,Japanese,4.2,California Roll,Sushi,5.0,320.0,1600.0,Returned,UPI,Refunded,Manoj Nair,Scooter,4.7,32.0,,
ORD10399,2024-10-23 11:47:00,CUST2040,Amit Malhotra,Male,42.0,Mumbai,Powai,R009,The Bakers Oven,Bakery,4.0,Croissant,Bakery,4.0,90.0,360.0,Returned,Wallet,Refunded,Ishaan Joshi,E-Bike,6.5,40.0,,
ORD10400,2024-11-23 00:00:00,CUST2297,Nikhil Kapoor,Male,29.0,Chennai,Adyar,R004,Punjabi Tadka,North Indian,4.4,Dal Makhani,Main Course,4.0,180.0,720.0,Delivered,Wallet,Paid,Manoj Nair,Bike,8.2,41.0,4.0,4.0
ORD10401,,CUST2298,Arjun Gupta,Female,44.0,Mumbai,Powai,R011,Curry House,North Indian,4.1,Butter Chicken,Main Course,3.0,260.0,780.0,Returned,Wallet,Refunded,Aditya Menon,Bicycle,2.4,16.0,,
ORD10402,2024-10-30 18:56:00,CUST2299,Sunita Chatterjee,Female,45.0,Pune,Kothrud,R004,Punjabi Tadka,North Indian,4.4,Butter Chicken,Main Course,3.0,260.0,780.0,Cancelled,UPI,Failed,Sai Iyer,Bicycle,9.9,47.0,,
ORD10403,2024-09-14 22:57:00,CUST2043,Sneha Bose,Male,24.0,Hyderabad,Banjara Hills,R010,Kebab Junction,Mughlai,4.3,Seekh Kebab,Starters,1.0,220.0,220.0,Delivered,Debit Card,Paid,Aditya Menon,Bicycle,4.2,,3.0,5.0
ORD10404,2024-04-08 00:00:00,CUST2300,Suresh Iyer,Female,33.0,Chennai,T Nagar,R013,Sweet Tooth,Desserts,,Ice Cream Sundae,Desserts,3.0,150.0,450.0,Delivered,Cash on Delivery,Paid,Lakshmi Verma,Bicycle,2.8,25.0,5.0,5.0
ORD10405,2024-11-22 00:00:00,CUST2301,Suresh Malhotra,Male,41.0,,Kothrud,R006,South Spice,South Indian,4.5,Uttapam,Breakfast,4.0,100.0,400.0,Delivered,Credit Card,Paid,Aarohi Patel,Scooter,7.5,39.0,,3.0
ORD10406,2024-12-22 00:00:00,CUST2302,Aarohi Patel,Male,53.0,Delhi,Rohini,R011,Curry House,North Indian,4.1,Dal Makhani,Main Course,3.0,180.0,540.0,Returned,UPI,Refunded,Kiran Desai,E-Bike,0.9,19.0,,
ORD10407,2024-12-25 00:00:00,CUST2047,Nikhil Desai,Male,19.0,Bangalore,Indiranagar,R005,Burger Point,Fast Food,3.9,Cheese Burger,Burger,2.0,130.0,260.0,Delivered,Debit Card,Paid,Krishna Chatterjee,Scooter,13.1,81.0,5.0,5.0
ORD10408,2024-06-21 04:50:00,CUST2303,Reyansh Rao,Female,34.0,Chennai,T Nagar,R006,South Spice,South Indian,4.5,Idli Sambar,Breakfast,5.0,70.0,350.0,Returned,Wallet,Refunded,Kiran Desai,Bike,11.6,62.0,,
ORD10409,2024-04-07 18:41:00,CUST2304,Aarav Pillai,Male,30.0,Pune,Hinjewadi,R006,South Spice,South Indian,4.5,Uttapam,Breakfast,1.0,100.0,100.0,Delivered,Credit Card,Paid,Meera Bose,Bicycle,12.8,75.0,4.0,5.0
ORD10410,2024-09-01 22:05:00,CUST2305,Anika Rao,Male,55.0,Kolkata,Howrah,R013,Sweet Tooth,Desserts,4.6,Ice Cream Sundae,Desserts,2.0,150.0,300.0,Delivered,Cash on Delivery,Paid,Myra Pillai,E-Bike,13.2,84.0,4.0,3.0
ORD10411,2024-06-17 23:58:00,CUST2306,Sai Mukherjee,Male,30.0,Mumbai,Bandra,R001,Biryani Blues,Biryani,4.3,Mutton Biryani,Main Course,5.0,280.0,1400.0,Delivered,Wallet,Paid,Aarohi Patel,Bike,14.4,65.0,3.0,5.0
ORD10412,2024-04-19 00:00:00,CUST2307,Suresh Nair,Female,32.0,Pune,Viman Nagar,R004,Punjabi Tadka,North Indian,4.4,Paneer Tikka,Starters,3.0,220.0,660.0,Returned,Cash on Delivery,Refunded,Aarohi Patel,E-Bike,13.0,76.0,,
ORD10413,,CUST2308,Divya Rao,Male,44.0,Kolkata,Park Street,R001,Biryani Blues,Biryani,4.3,Mutton Biryani,Main Course,3.0,280.0,840.0,Cancelled,Wallet,Failed,Reyansh Sharma,Scooter,9.1,49.0,,
ORD10414,2024-07-01 00:00:00,CUST2166,Aarav Das,Male,40.0,Kolkata,Ballygunge,R011,Curry House,North Indian,4.1,Butter Chicken,Main Course,4.0,260.0,1040.0,Returned,Cash on Delivery,Refunded,Vivaan Singh,Bike,8.7,45.0,,
ORD10415,2024-12-06 00:00:00,CUST2309,,Male,50.0,Chennai,Adyar,R005,Burger Point,Fast Food,3.9,French Fries,Sides,3.0,90.0,270.0,Cancelled,Wallet,Refunded,Manoj Nair,Bicycle,4.5,34.0,,
ORD10416,2024-10-22 00:00:00,CUST2310,Rahul Kapoor,Male,45.0,Hyderabad,Banjara Hills,R002,Pizza Palace,Italian,,Pepperoni Pizza,Pizza,1.0,320.0,320.0,Cancelled,Cash on Delivery,Failed,Aarav Reddy,E-Bike,4.8,36.0,,
ORD10417,2024-03-04 00:00:00,CUST2311,Pooja Rao,Female,38.0,Pune,Baner,R013,Sweet Tooth,Desserts,,Gulab Jamun,Desserts,5.0,90.0,450.0,Returned,Cash on Delivery,Refunded,Ishaan Joshi,Bicycle,1.6,15.0,,
ORD10418,2024-11-15 00:00:00,CUST2312,Krishna Bose,Female,20.0,Delhi,Rohini,R012,Noodle Story,Chinese,3.7,Spring Rolls,Starters,4.0,140.0,560.0,Delivered,Cash on Delivery,Paid,,Bike,5.8,30.0,4.0,5.0
ORD10419,2024-09-21 14:17:00,CUST2300,Suresh Iyer,Female,33.0,Chennai,Anna Nagar,R010,Kebab Junction,Mughlai,4.3,Chicken Kebab,Starters,5.0,240.0,1200.0,Delivered,Credit Card,Paid,Vivaan Singh,Bicycle,11.7,70.0,,4.0
ORD10420,2024-11-10 02:29:00,CUST2313,Karthik Menon,Male,55.0,Bangalore,Whitefield,R003,Dragon Wok,Chinese,4.0,Veg Noodles,Noodles,1.0,160.0,160.0,Delivered,Cash on Delivery,Paid,Sai Iyer,Bike,5.5,30.0,5.0,
ORD10421,2024-08-01 23:11:00,CUST2314,Saanvi Verma,Male,59.0,Mumbai,Powai,R013,Sweet Tooth,Desserts,4.6,Gulab Jamun,Desserts,1.0,90.0,90.0,Delivered,Wallet,Paid,Vivaan Singh,E-Bike,4.4,30.0,5.0,3.0
ORD10422,2024-04-14 00:00:00,CUST2315,Sneha Pillai,Male,36.0,,Viman Nagar,R002,Pizza Palace,Italian,4.1,Pepperoni Pizza,Pizza,4.0,320.0,1280.0,Delivered,Debit Card,Paid,Aarav Reddy,Bike,12.6,66.0,5.0,5.0
ORD10423,2024-02-02 14:39:00,CUST2316,Sai Chatterjee,Female,,Chennai,Anna Nagar,R007,Sushi Yama,Japanese,4.2,Miso Soup,Starters,4.0,150.0,600.0,Delivered,UPI,Paid,Kiran Desai,Bicycle,10.0,63.0,5.0,5.0
ORD10424,2024-01-18 12:18:00,CUST2224,Sunita Patel,Male,32.0,Hyderabad,,R015,Chaat Corner,Street Food,4.0,Bhel Puri,Street Food,3.0,70.0,210.0,Cancelled,Credit Card,Failed,Reyansh Sharma,E-Bike,5.0,23.0,,
ORD10425,2024-01-18 13:50:00,CUST2317,Divya Nair,Female,47.0,Pune,Kharadi,R014,Healthy Bites,Salads,4.2,Fruit Bowl,Salads,3.0,120.0,360.0,Delivered,Wallet,Paid,Meera Bose,Bike,2.4,18.0,4.0,5.0
ORD10426,2024-10-04 17:00:00,CUST2153,Sneha Verma,Female,55.0,Pune,Hinjewadi,R010,Kebab Junction,Mughlai,4.3,Mutton Rogan Josh,Main Course,4.0,320.0,1280.0,Returned,Cash on Delivery,Refunded,Ravi Rao,Bicycle,3.8,28.0,,
ORD10427,2024-09-25 05:26:00,CUST2318,Pooja Malhotra,Male,19.0,Bangalore,HSR Layout,R002,Pizza Palace,Italian,4.1,Margherita Pizza,Pizza,2.0,250.0,500.0,Returned,Cash on Delivery,Refunded,Aditya Menon,E-Bike,5.1,37.0,,
ORD10428,2024-08-31 03:17:00,CUST2319,Meera Iyer,Female,26.0,Hyderabad,Gachibowli,R004,Punjabi Tadka,North Indian,4.4,Butter Chicken,Main Course,1.0,260.0,260.0,Returned,Credit Card,Refunded,Ishaan Joshi,E-Bike,10.0,57.0,,
ORD10429,2024-04-24 00:00:00,CUST2320,Sai Kumar,Male,47.0,Hyderabad,Kukatpally,R007,Sushi Yama,Japanese,4.2,California Roll,Sushi,1.0,320.0,320.0,Cancelled,Credit Card,Failed,Anika Kapoor,E-Bike,1.1,,,
ORD10430,2024-04-10 09:40:00,CUST2321,Vihaan Das,Female,18.0,Bangalore,Electronic City,R014,Healthy Bites,Salads,4.2,Quinoa Salad,Salads,4.0,210.0,840.0,Delivered,Cash on Delivery,Paid,Krishna Chatterjee,E-Bike,6.5,41.0,5.0,4.0
ORD10431,2024-03-03 15:44:00,CUST2010,Anika Gupta,Female,60.0,Pune,Baner,R010,Kebab Junction,Mughlai,4.3,Seekh Kebab,Starters,5.0,220.0,1100.0,Delivered,Debit Card,Paid,Anika Kapoor,Bike,7.8,50.0,5.0,3.0
ORD10432,2024-05-11 03:00:00,CUST2099,Aditya Iyer,Male,43.0,Delhi,Connaught Place,R006,South Spice,South Indian,4.5,Idli Sambar,Breakfast,2.0,70.0,140.0,Delivered,Credit Card,Paid,Suresh Kumar,E-Bike,2.7,23.0,5.0,4.0
ORD10433,2024-04-27 00:00:00,CUST2322,Kiran Gupta,Male,36.0,Pune,Kothrud,R011,Curry House,North Indian,4.1,Paneer Tikka,Starters,2.0,220.0,440.0,Cancelled,Credit Card,Refunded,Suresh Kumar,E-Bike,2.2,24.0,,
ORD10434,2024-06-08 00:00:00,CUST2286,Krishna Mukherjee,Female,25.0,Chennai,T Nagar,R001,Biryani Blues,Biryani,4.3,Mutton Biryani,Main Course,3.0,280.0,840.0,Delivered,,Paid,Meera Bose,Bike,12.3,57.0,4.0,3.0
ORD10435,2024-11-02 02:59:00,CUST2133,Aditya Desai,Male,57.0,Chennai,Velachery,R013,Sweet Tooth,Desserts,4.6,Ice Cream Sundae,Desserts,1.0,150.0,150.0,Delivered,Debit Card,Paid,Meera Bose,Bike,10.8,67.0,5.0,3.0
ORD10436,2024-02-17 00:00:00,CUST2323,Sunita Verma,Male,50.0,Bangalore,Indiranagar,R011,Curry House,North Indian,4.1,Butter Chicken,Main Course,2.0,260.0,520.0,Delivered,Credit Card,Paid,Kiran Desai,E-Bike,11.2,52.0,4.0,4.0
ORD10437,2024-10-19 15:11:00,CUST2324,Divya Sharma,Female,33.0,Kolkata,Ballygunge,R006,South Spice,South Indian,4.5,Idli Sambar,Breakfast,5.0,70.0,,Cancelled,UPI,Failed,Aarav Reddy,E-Bike,5.9,35.0,,
ORD10438,2024-01-24 20:55:00,CUST2325,Ishaan Chatterjee,Male,44.0,Delhi,Connaught Place,R014,Healthy Bites,Salads,4.2,Quinoa Salad,Salads,3.0,210.0,,Delivered,Cash on Delivery,Paid,Nikhil Malhotra,Bike,2.0,23.0,4.0,5.0
ORD10439,2024-12-23 11:13:00,CUST2326,,Male,21.0,Pune,Kharadi,R005,Burger Point,Fast Food,3.9,French Fries,Sides,4.0,90.0,360.0,Returned,Wallet,Refunded,Ravi Rao,Scooter,0.9,13.0,,
ORD10440,2024-05-31 11:00:00,CUST2207,Vikram Verma,Female,39.0,Bangalore,HSR Layout,R011,Curry House,North Indian,4.1,Butter Chicken,Main Course,5.0,260.0,1300.0,Delivered,Wallet,Paid,Aarav Reddy,E-Bike,,67.0,5.0,4.0
ORD10441,2024-07-15 05:30:00,CUST2327,Lakshmi Malhotra,Male,36.0,Hyderabad,Gachibowli,R009,The Bakers Oven,Bakery,4.0,Cupcake,Desserts,3.0,80.0,240.0,Delivered,Debit Card,Paid,Nikhil Malhotra,Bike,13.4,68.0,4.0,5.0
ORD10442,2024-07-08 15:44:00,CUST2031,Manoj Kapoor,Female,56.0,Mumbai,Powai,R005,Burger Point,Fast Food,3.9,Veg Burger,Burger,5.0,110.0,550.0,Delivered,UPI,Paid,Kavya Mukherjee,E-Bike,5.0,34.0,4.0,5.0
ORD10443,2024-01-02 19:48:00,CUST2328,Neha Kumar,Male,36.0,Pune,Kharadi,R011,Curry House,North Indian,4.1,Butter Chicken,Main Course,,,1040.0,Delivered,Credit Card,Paid,Ravi Rao,Bicycle,12.5,58.0,5.0,5.0
ORD10444,2024-11-10 04:05:00,CUST2218,Nikhil Pillai,Male,21.0,Mumbai,Bandra,R008,Taco Fiesta,Mexican,3.8,Chicken Tacos,Main Course,4.0,210.0,840.0,Delivered,Debit Card,Paid,Manoj Nair,E-Bike,13.2,72.0,5.0,5.0
ORD10445,2024-11-27 00:00:00,CUST2329,Rohan Kapoor,Male,26.0,Delhi,Connaught Place,R003,Dragon Wok,Chinese,4.0,Spring Rolls,Starters,5.0,140.0,700.0,Delivered,UPI,Paid,Kiran Desai,E-Bike,1.3,15.0,3.0,5.0
ORD10446,2024-12-29 00:00:00,CUST2330,Priya Joshi,Male,36.0,Bangalore,Jayanagar,R003,Dragon Wok,Chinese,4.0,Veg Noodles,Noodles,3.0,160.0,480.0,Delivered,Debit Card,Paid,Pooja Gupta,E-Bike,1.2,17.0,5.0,3.0
ORD10447,2024-02-21 13:52:00,CUST2331,Saanvi Rao,Female,49.0,Bangalore,Koramangala,R009,The Bakers Oven,Bakery,4.0,Croissant,Bakery,1.0,90.0,,Delivered,Cash on Delivery,Paid,Manoj Nair,Scooter,8.8,59.0,5.0,5.0
ORD10448,2024-12-02 00:00:00,CUST2332,Sanjay Mukherjee,Female,27.0,Kolkata,Howrah,R002,Pizza Palace,Italian,4.1,Pasta Alfredo,Pasta,5.0,240.0,1200.0,Delivered,Cash on Delivery,Paid,Aditya Menon,Scooter,8.5,59.0,4.0,3.0
ORD10449,2024-02-16 17:07:00,CUST2013,Manoj Malhotra,Female,27.0,Delhi,Karol Bagh,R011,Curry House,North Indian,4.1,Dal Makhani,Main Course,3.0,180.0,540.0,Delivered,UPI,Paid,Ishaan Joshi,Bike,14.4,77.0,5.0,3.0
ORD10450,2024-10-01 08:13:00,CUST2333,Vivaan Patel,Male,31.0,Hyderabad,Secunderabad,R008,Taco Fiesta,Mexican,3.8,Chicken Tacos,Main Course,5.0,210.0,1050.0,Delivered,Debit Card,Paid,Manoj Nair,Bike,7.8,50.0,4.0,5.0
ORD10451,2024-08-26 00:00:00,CUST2334,Sneha Patel,Female,23.0,Bangalore,Koramangala,R009,The Bakers Oven,Bakery,4.0,Chocolate Cake,Desserts,3.0,350.0,,Cancelled,Credit Card,Failed,Vivaan Singh,Bicycle,5.2,29.0,,
ORD10452,2024-10-19 04:46:00,CUST2335,Vivaan Verma,Male,37.0,Delhi,Saket,R006,South Spice,South Indian,4.5,Masala Dosa,Breakfast,4.0,90.0,360.0,Delivered,Debit Card,Paid,Kavya Mukherjee,Bike,3.7,29.0,5.0,5.0
ORD10453,2024-04-28 07:11:00,CUST2336,Kavya Verma,Male,38.0,Delhi,Karol Bagh,R007,Sushi Yama,Japanese,4.2,California Roll,Sushi,4.0,320.0,1280.0,Delivered,Cash on Delivery,Paid,Nikhil Malhotra,Scooter,8.7,46.0,5.0,4.0
ORD10454,2024-08-29 00:00:00,CUST2337,Sai Kapoor,Female,31.0,Kolkata,Park Street,R006,South Spice,South Indian,4.5,Uttapam,Breakfast,2.0,100.0,200.0,Cancelled,Wallet,Failed,Vikram Das,E-Bike,1.4,21.0,,
ORD10455,2024-01-28 03:50:00,CUST2086,Karthik Bose,Male,29.0,Pune,Kothrud,R001,Biryani Blues,Biryani,4.3,Mutton Biryani,Main Course,3.0,280.0,840.0,Delivered,Debit Card,Paid,Aarav Reddy,Bicycle,9.1,46.0,5.0,5.0
ORD10456,2024-05-07 00:00:00,CUST2338,Krishna Reddy,,53.0,Mumbai,Dadar,R004,Punjabi Tadka,North Indian,4.4,Dal Makhani,Main Course,5.0,180.0,900.0,Delivered,Debit Card,Paid,Kiran Desai,Scooter,4.3,31.0,5.0,5.0
ORD10457,2024-01-02 12:21:00,CUST2069,Gita Kumar,Male,38.0,Bangalore,Electronic City,R015,Chaat Corner,Street Food,4.0,Pani Puri,Street Food,5.0,60.0,300.0,Delivered,UPI,Paid,Myra Pillai,E-Bike,8.7,52.0,5.0,5.0
ORD10458,2024-10-21 00:00:00,CUST2339,Gita Sharma,Male,60.0,Delhi,Saket,R006,South Spice,South Indian,4.5,Idli Sambar,Breakfast,5.0,70.0,,Delivered,Cash on Delivery,Paid,Nikhil Malhotra,Bike,7.4,49.0,4.0,3.0
ORD10459,2024-08-23 00:00:00,CUST2184,Sneha Singh,Female,51.0,Delhi,Dwarka,R002,Pizza Palace,Italian,4.1,Pasta Alfredo,Pasta,3.0,240.0,720.0,Returned,Credit Card,Refunded,Anika Kapoor,Scooter,1.3,17.0,,
ORD10460,2024-01-26 09:12:00,CUST2101,Rahul Sharma,Female,58.0,Mumbai,Dadar,R002,Pizza Palace,Italian,,Pepperoni Pizza,Pizza,5.0,320.0,1600.0,Delivered,,Paid,Vikram Das,Bicycle,,59.0,,4.0
ORD10461,2024-09-09 10:43:00,CUST2340,,Male,54.0,Kolkata,Park Street,R015,Chaat Corner,Street Food,4.0,Vada Pav,Street Food,3.0,50.0,150.0,Cancelled,UPI,Failed,Vikram Das,E-Bike,0.8,15.0,,
ORD10462,2024-12-22 00:00:00,CUST2166,Aarav Das,Male,40.0,Kolkata,Ballygunge,R014,Healthy Bites,Salads,4.2,Fruit Bowl,Salads,3.0,120.0,360.0,Delivered,Wallet,Paid,Anika Kapoor,Scooter,8.1,41.0,3.0,4.0
ORD10463,2024-08-30 00:00:00,CUST2341,Rahul Sharma,Female,43.0,Hyderabad,,R002,Pizza Palace,Italian,4.1,Pasta Alfredo,Pasta,1.0,240.0,240.0,Returned,Credit Card,Refunded,Vivaan Singh,Bicycle,3.6,20.0,,
ORD10464,2024-11-15 00:00:00,CUST2246,Sai Reddy,Male,59.0,Kolkata,Ballygunge,R013,Sweet Tooth,Desserts,4.6,Gulab Jamun,Desserts,5.0,90.0,450.0,Returned,Debit Card,Refunded,Reyansh Sharma,Bike,7.5,53.0,,
ORD10465,2024-12-22 22:46:00,CUST2342,Arjun Desai,Male,57.0,Delhi,Saket,R011,Curry House,North Indian,4.1,Paneer Tikka,Starters,5.0,220.0,1100.0,Delivered,UPI,Paid,Krishna Chatterjee,E-Bike,5.2,32.0,4.0,3.0
ORD10466,2024-05-01 02:51:00,CUST2343,,Male,58.0,Delhi,Saket,R002,Pizza Palace,Italian,4.1,Pasta Alfredo,Pasta,1.0,240.0,240.0,Delivered,UPI,Paid,Aditya Menon,E-Bike,2.2,18.0,5.0,5.0
ORD10467,2024-12-17 00:00:00,CUST2344,Pooja Desai,Female,57.0,Bangalore,Whitefield,R011,Curry House,North Indian,4.1,Dal Makhani,Main Course,1.0,180.0,180.0,Delivered,Wallet,Paid,Manoj Nair,Bicycle,2.3,20.0,5.0,4.0
ORD10468,2024-05-18 00:00:00,CUST2345,Neha Chatterjee,Female,48.0,Pune,Kharadi,R008,Taco Fiesta,Mexican,3.8,Chicken Tacos,Main Course,2.0,210.0,420.0,Cancelled,UPI,Refunded,Aarohi Patel,Scooter,9.1,52.0,,
ORD10469,2024-03-16 00:00:00,CUST2346,Rohan Bose,Male,37.0,Chennai,Velachery,R005,Burger Point,Fast Food,3.9,French Fries,Sides,1.0,90.0,90.0,Delivered,Wallet,Paid,Krishna Chatterjee,Bicycle,8.0,54.0,5.0,4.0
ORD10470,2024-03-26 05:00:00,CUST2347,Arjun Das,Male,30.0,Pune,Baner,R012,Noodle Story,Chinese,3.7,Spring Rolls,Starters,4.0,140.0,560.0,Delivered,Debit Card,Paid,Suresh Kumar,Scooter,6.7,35.0,3.0,5.0
ORD10471,2024-05-18 00:00:00,CUST2348,Myra Mukherjee,Male,57.0,Hyderabad,Madhapur,R008,Taco Fiesta,Mexican,3.8,Burrito Bowl,Main Course,3.0,240.0,720.0,Returned,Cash on Delivery,Refunded,,Bicycle,12.5,49.0,,
ORD10472,2024-04-11 00:00:00,CUST2059,Vikram Mukherjee,Female,,Bangalore,Indiranagar,R005,Burger Point,Fast Food,3.9,French Fries,Sides,2.0,90.0,180.0,Returned,Wallet,Refunded,Krishna Chatterjee,Bike,3.6,21.0,,
ORD10473,2024-12-31 00:00:00,CUST2349,Sunita Singh,Female,29.0,Hyderabad,Gachibowli,R003,Dragon Wok,Chinese,4.0,Chicken Manchurian,Main Course,1.0,210.0,210.0,Delivered,Credit Card,Paid,Kavya Mukherjee,Scooter,14.1,65.0,4.0,4.0
ORD10474,2024-08-27 05:47:00,CUST2350,Arjun Nair,Female,27.0,Hyderabad,Madhapur,R004,Punjabi Tadka,North Indian,4.4,Dal Makhani,Main Course,4.0,180.0,720.0,Returned,Debit Card,Refunded,Suresh Kumar,E-Bike,14.7,64.0,,
ORD10475,2024-05-30 17:30:00,CUST2351,Rohan Das,Female,33.0,Bangalore,Electronic City,R013,Sweet Tooth,Desserts,4.6,Ice Cream Sundae,Desserts,2.0,150.0,300.0,Delivered,Wallet,Paid,Ishaan Joshi,Bike,11.9,71.0,4.0,
ORD10476,2024-09-09 07:59:00,CUST2352,Suresh Kapoor,,,Hyderabad,Banjara Hills,R012,Noodle Story,Chinese,3.7,Chicken Manchurian,Main Course,5.0,210.0,1050.0,Returned,Cash on Delivery,Refunded,Anika Kapoor,Scooter,9.1,56.0,,
ORD10477,2024-02-22 00:00:00,CUST2113,Anika Menon,Female,23.0,Delhi,Dwarka,R008,Taco Fiesta,Mexican,3.8,Chicken Tacos,Main Course,4.0,210.0,840.0,Cancelled,Debit Card,Failed,Aditya Menon,Bicycle,14.1,70.0,,
ORD10478,2024-01-10 00:00:00,CUST2353,Sanjay Kapoor,Female,40.0,Hyderabad,Secunderabad,R001,Biryani Blues,Biryani,4.3,Mutton Biryani,Main Course,5.0,280.0,1400.0,Delivered,Debit Card,Paid,Kiran Desai,E-Bike,6.9,39.0,4.0,5.0
ORD10479,2024-03-17 00:00:00,CUST2120,Sanjay Menon,Male,31.0,Pune,Hinjewadi,R011,Curry House,North Indian,4.1,Butter Chicken,Main Course,3.0,260.0,780.0,Delivered,Debit Card,Paid,Sai Iyer,Bicycle,2.2,13.0,4.0,4.0
ORD10480,2024-02-07 07:23:00,CUST2354,Meera Patel,Female,30.0,Pune,Kharadi,R003,Dragon Wok,Chinese,4.0,Spring Rolls,Starters,5.0,140.0,700.0,Delivered,UPI,Paid,Pooja Gupta,Scooter,11.9,60.0,5.0,
ORD10481,2024-06-19 00:00:00,CUST2355,Karthik Singh,Male,,Pune,Viman Nagar,R008,Taco Fiesta,Mexican,3.8,Chicken Tacos,Main Course,5.0,210.0,1050.0,Delivered,Wallet,Paid,Kiran Desai,Scooter,12.0,56.0,5.0,4.0
ORD10482,2024-06-05 15:16:00,CUST2356,Priya Reddy,Male,54.0,Kolkata,Park Street,R005,Burger Point,Fast Food,3.9,Veg Burger,Burger,1.0,110.0,110.0,Delivered,,Paid,Reyansh Sharma,E-Bike,6.8,46.0,5.0,4.0
ORD10483,2024-09-05 00:00:00,CUST2357,Ishaan Reddy,Male,,Chennai,OMR,R015,Chaat Corner,Street Food,4.0,Vada Pav,Street Food,5.0,50.0,250.0,Delivered,Cash on Delivery,Paid,Aditya Menon,Bike,,38.0,5.0,5.0
ORD10484,2024-01-28 04:15:00,CUST2358,Ananya Nair,Male,53.0,Hyderabad,Gachibowli,R014,Healthy Bites,Salads,4.2,Quinoa Salad,Salads,5.0,210.0,1050.0,Delivered,UPI,Paid,Ishaan Joshi,Bike,13.7,65.0,4.0,5.0
ORD10485,2024-12-04 00:00:00,CUST2359,Lakshmi Sharma,Female,28.0,Mumbai,Dadar,R007,Sushi Yama,Japanese,4.2,California Roll,Sushi,1.0,320.0,320.0,Cancelled,Wallet,Failed,Anika Kapoor,Bike,6.3,40.0,,
ORD10486,2024-08-22 21:35:00,CUST2222,Reyansh Sharma,Female,36.0,Kolkata,Ballygunge,R003,Dragon Wok,Chinese,4.0,Spring Rolls,Starters,5.0,140.0,700.0,Delivered,Wallet,Paid,Meera Bose,E-Bike,4.7,22.0,3.0,5.0
ORD10487,2024-12-15 00:00:00,CUST2360,Anil Bose,Female,47.0,Delhi,Karol Bagh,R001,Biryani Blues,Biryani,4.3,Veg Biryani,Main Course,1.0,180.0,180.0,Delivered,Cash on Delivery,Paid,Pooja Gupta,E-Bike,9.5,55.0,4.0,4.0
ORD10488,2024-12-16 00:00:00,CUST2361,Vikram Pillai,Female,60.0,Hyderabad,Secunderabad,R002,Pizza Palace,Italian,4.1,Pepperoni Pizza,Pizza,1.0,320.0,320.0,Cancelled,Credit Card,Failed,Vikram Das,Scooter,10.3,49.0,,
ORD10489,2024-11-01 09:01:00,CUST2253,Sai Desai,,26.0,Delhi,Connaught Place,R013,Sweet Tooth,Desserts,4.6,Brownie,Desserts,1.0,130.0,130.0,Delivered,UPI,Paid,Meera Bose,Scooter,6.6,32.0,3.0,5.0
ORD10490,2024-10-17 18:09:00,CUST2356,Priya Reddy,Male,54.0,Kolkata,Ballygunge,R007,Sushi Yama,Japanese,4.2,Chicken Ramen,Main Course,4.0,280.0,1120.0,Cancelled,Cash on Delivery,Refunded,Nikhil Malhotra,Scooter,2.4,21.0,,
ORD10491,2024-01-31 00:00:00,CUST2362,Arjun Iyer,Female,,Pune,Viman Nagar,R012,Noodle Story,Chinese,3.7,Chicken Manchurian,Main Course,2.0,210.0,420.0,Delivered,Debit Card,Paid,Myra Pillai,Bike,9.4,42.0,5.0,4.0
ORD10492,2024-05-10 05:25:00,CUST2363,Kavya Reddy,Male,46.0,Mumbai,Bandra,R004,Punjabi Tadka,North Indian,4.4,Dal Makhani,Main Course,1.0,180.0,180.0,Returned,Wallet,Refunded,Kiran Desai,Bike,12.7,76.0,,
ORD10493,2024-10-05 00:00:00,CUST2364,Sneha Kumar,Male,46.0,Bangalore,Jayanagar,R001,Biryani Blues,Biryani,4.3,Chicken Biryani,Main Course,4.0,220.0,880.0,Cancelled,Credit Card,Failed,Reyansh Sharma,Bicycle,2.1,24.0,,
ORD10494,2024-03-31 06:12:00,CUST2365,Myra Nair,Male,,Hyderabad,Madhapur,R001,Biryani Blues,Biryani,4.3,Mutton Biryani,Main Course,5.0,280.0,1400.0,Delivered,Debit Card,Paid,Vikram Das,Bicycle,9.7,61.0,5.0,3.0
ORD10495,2024-09-09 00:00:00,CUST2183,Deepak Mukherjee,Female,20.0,Bangalore,Whitefield,R003,Dragon Wok,Chinese,4.0,Veg Noodles,Noodles,4.0,160.0,640.0,Returned,Debit Card,Refunded,Aditya Menon,Bicycle,7.3,39.0,,
ORD10496,2024-09-03 02:12:00,CUST2366,Arjun Gupta,Male,44.0,Mumbai,Malad,R008,Taco Fiesta,Mexican,3.8,Chicken Tacos,Main Course,5.0,210.0,1050.0,Delivered,Credit Card,Paid,Kavya Mukherjee,Scooter,14.7,83.0,4.0,4.0
ORD10497,2024-10-13 13:51:00,CUST2367,Deepak Iyer,Female,39.0,Bangalore,Jayanagar,R015,Chaat Corner,Street Food,4.0,Vada Pav,Street Food,4.0,50.0,200.0,Delivered,Wallet,Paid,Meera Bose,Bike,4.1,33.0,4.0,
ORD10498,2024-10-14 00:00:00,CUST2368,,Male,21.0,Hyderabad,Banjara Hills,R008,Taco Fiesta,Mexican,3.8,Nachos,Starters,2.0,180.0,360.0,Cancelled,Cash on Delivery,Refunded,,Bicycle,13.9,79.0,,
ORD10499,2024-08-24 03:33:00,CUST2369,Kavya Das,Male,59.0,Kolkata,Salt Lake,R009,The Bakers Oven,Bakery,4.0,Croissant,Bakery,3.0,90.0,270.0,Delivered,Credit Card,Paid,Ravi Rao,Bicycle,3.7,27.0,4.0,4.0
ORD10500,2024-12-27 21:07:00,CUST2370,Diya Mukherjee,Female,58.0,Bangalore,Koramangala,R014,Healthy Bites,Salads,4.2,Fruit Bowl,Salads,1.0,120.0,120.0,Cancelled,UPI,Refunded,Ishaan Joshi,Bicycle,2.1,23.0,,
